Process_id,Business_Activity,Activity,Start_Time,End_Time,User,Role,Type,PRODUCTIVE,OTHERACTIVITIES,IDLE,Application,CLOSURE_TYPE,CLOSURE_REASON,LETTER_RECEIVED_DATE,WORKING_STATE,INSTITUTE_NR,CE_STATE,CASEPRODUCTIVE
20198002523,"Evaluating Request (WITH registered letter)","Take in Charge","04/10/2019 08:25:16","04/10/2019 08:25:16",UT00573,DIRECTOR,,0,0,0,"Account Closure Service","Client Recess","1 - Client lost",03/08/19,Completed,1,S008,156810
20198010446,"Evaluating Request (WITH registered letter)","Take in Charge","30/08/2019 11:03:01","30/08/2019 11:03:01",UT00015,DIRECTOR,,0,0,0,"Account Closure Service","Client Recess","1 - Client lost",30/08/19,Completed,1,S008,87374702
20199003258,"Evaluating Request (WITH registered letter)","Take in Charge","21/09/2019 12:34:19","21/09/2019 12:34:19",UT00661,DIRECTOR,,0,0,0,"Account Closure Service","Client Recess","7 - Keep other relationships. Same dip",24/08/19,Completed,1,S008,997381
20199005209,"Evaluating Request (WITH registered letter)","Take in Charge","17/09/2019 12:06:20","17/09/2019 12:06:20",UT00214,DIRECTOR,,0,0,0,"Account Closure Service","Client Recess","1 - Client lost",17/09/19,Completed,1,S008,8479
20199005540,"Evaluating Request (WITH registered letter)","Take in Charge","09/10/2019 18:17:27","09/10/2019 18:17:27",UT00232,DIRECTOR,,0,0,0,"Account Closure Service","Client Recess","1 - Client lost",18/09/19,Completed,1,S008,193125
20199005648,"Evaluating Request (WITH registered letter)","Take in Charge","18/09/2019 11:36:05","18/09/2019 11:36:05",UT00131,DIRECTOR,,0,0,0,"Account Closure Service","Client Recess","8 - Keep other relationships. Different dip",25/05/19,Completed,1,S008,1329137
20199005772,"Evaluating Request (WITH registered letter)","Take in Charge","18/09/2019 13:07:06","18/09/2019 13:07:06",UT00253,DIRECTOR,,0,0,0,"Account Closure Service","Client Recess","7 - Keep other relationships. Same dip",18/09/19,Completed,1,S008,8426726
20199006003,"Evaluating Request (WITH registered letter)","Take in Charge","01/10/2019 09:30:50","01/10/2019 09:30:50",UT00351,DIRECTOR,,0,0,0,"Account Closure Service","Client Recess","1 - Client lost",19/09/19,Completed,1,S008,57848
20199006290,"Evaluating Request (WITH registered letter)","Take in Charge","19/09/2019 12:41:40","19/09/2019 12:41:40",UT00089,DIRECTOR,,0,0,0,"Account Closure Service","Client Recess","1 - Client lost",19/09/19,Completed,1,S008,147761190
20199006569,"Evaluating Request (WITH registered letter)","Take in Charge","20/09/2019 09:43:18","20/09/2019 09:43:18",UT00076,DIRECTOR,,0,0,0,"Account Closure Service","Client Recess","1 - Client lost",20/09/19,Completed,1,S008,187579405
20199006952,"Evaluating Request (WITH registered letter)","Take in Charge","20/09/2019 15:35:28","20/09/2019 15:35:28",UT00829,DIRECTOR,,0,0,0,"Account Closure Service",Inheritance,,,Completed,6,S008,80357
20199007226,"Evaluating Request (WITH registered letter)","Take in Charge","21/09/2019 11:25:47","21/09/2019 11:25:47",UT00835,DIRECTOR,,0,0,0,"Account Closure Service",Inheritance,,,Completed,6,S008,30077
20199007862,"Evaluating Request (WITH registered letter)","Take in Charge","24/09/2019 13:21:32","24/09/2019 13:21:32",UT00572,DIRECTOR,,0,0,0,"Account Closure Service","Client Recess","1 - Client lost",21/09/19,Completed,1,S008,10124214
20199008462,"Evaluating Request (WITH registered letter)","Take in Charge","25/09/2019 15:22:47","25/09/2019 15:22:47",UT00870,DIRECTOR,,0,0,0,"Account Closure Service","Client Recess","1 - Client lost",25/09/19,Completed,1,S008,26462071
20199008569,"Evaluating Request (WITH registered letter)","Take in Charge","25/09/2019 17:23:20","25/09/2019 17:23:20",UT00545,DIRECTOR,,0,0,0,"Account Closure Service","Client Recess","1 - Client lost",25/09/19,Completed,1,S008,76490661
20199008586,"Evaluating Request (WITH registered letter)","Take in Charge","25/09/2019 19:13:18","25/09/2019 19:13:18",UT00745,DIRECTOR,,0,0,0,"Account Closure Service","Client Recess","1 - Client lost",25/09/19,Completed,1,S008,55896982
20199008612,"Evaluating Request (WITH registered letter)","Take in Charge","26/09/2019 08:55:39","26/09/2019 08:55:39",UT00443,DIRECTOR,,0,0,0,"Account Closure Service","Client Recess","1 - Client lost",26/09/19,Completed,1,S008,49771333
20199008816,"Evaluating Request (WITH registered letter)","Take in Charge","26/09/2019 12:22:03","26/09/2019 12:22:03",UT00092,DIRECTOR,,0,0,0,"Account Closure Service","Client Recess","1 - Client lost",03/09/19,Completed,1,S008,81178152
20199008884,"Evaluating Request (WITH registered letter)","Take in Charge","26/09/2019 13:24:36","26/09/2019 13:24:36",UT00118,DIRECTOR,,0,0,0,"Account Closure Service","Client Recess","1 - Client lost",26/09/19,Completed,1,S008,693902
20199009651,"Evaluating Request (WITH registered letter)","Take in Charge","11/10/2019 09:41:35","11/10/2019 09:41:35",UT00574,DIRECTOR,,0,0,0,"Account Closure Service","Client Recess","1 - Client lost",28/09/19,Completed,1,S008,1029107
20199009910,"Evaluating Request (WITH registered letter)","Take in Charge","28/09/2019 15:36:17","28/09/2019 15:36:17",UT00000,DIRECTOR,,0,0,0,"Account Closure Service","Client Recess","1 - Client lost",28/09/19,Completed,1,S008,57297238
20199009943,"Evaluating Request (WITH registered letter)","Take in Charge","28/09/2019 16:15:03","28/09/2019 16:15:03",UT00208,DIRECTOR,,0,0,0,"Account Closure Service","Client Recess","1 - Client lost",25/07/19,Completed,1,S008,53607
20199009969,"Evaluating Request (WITH registered letter)","Take in Charge","28/09/2019 16:30:08","28/09/2019 16:30:08",UT00272,DIRECTOR,,0,0,0,"Account Closure Service","Client Recess","1 - Client lost",28/09/19,Completed,1,S008,24298125
20199009975,"Evaluating Request (WITH registered letter)","Take in Charge","28/09/2019 16:45:49","28/09/2019 16:45:49",UT00283,DIRECTOR,,0,0,0,"Account Closure Service","Client Recess","1 - Client lost",08/08/19,Completed,1,S008,96598
201910000226,"Evaluating Request (WITH registered letter)","Take in Charge","01/10/2019 12:22:41","01/10/2019 12:22:41",UT00481,DIRECTOR,,0,0,0,"Account Closure Service","Client Recess","1 - Client lost",01/10/19,Completed,1,S008,842500
201910000390,"Evaluating Request (WITH registered letter)","Take in Charge","03/10/2019 13:41:55","03/10/2019 13:41:55",UT00533,DIRECTOR,,0,0,0,"Account Closure Service","Client Recess","1 - Client lost",03/10/19,Completed,1,S008,13357
201910000420,"Evaluating Request (WITH registered letter)","Take in Charge","01/10/2019 16:58:02","01/10/2019 16:58:02",UT00753,DIRECTOR,,0,0,0,"Account Closure Service","Client Recess","1 - Client lost",01/10/19,Completed,1,S008,157143
201910000423,"Evaluating Request (WITH registered letter)","Take in Charge","01/10/2019 17:04:17","01/10/2019 17:04:17",SB95,DIRECTOR,,0,0,0,"Account Closure Service","Client Recess","1 - Client lost",01/10/19,Completed,1,S008,27750
201910000430,"Evaluating Request (WITH registered letter)","Take in Charge","01/10/2019 17:09:42","01/10/2019 17:09:42",SB95,DIRECTOR,,0,0,0,"Account Closure Service","Client Recess","1 - Client lost",01/10/19,Completed,1,S008,4762
201910000437,"Evaluating Request (WITH registered letter)","Take in Charge","01/10/2019 17:11:03","01/10/2019 17:11:03",UT00191,DIRECTOR,,0,0,0,"Account Closure Service","Client Recess","1 - Client lost",01/10/19,Completed,1,S008,6892384
201910000440,"Evaluating Request (WITH registered letter)","Take in Charge","01/10/2019 17:14:28","01/10/2019 17:14:28",UT00762,DIRECTOR,,0,0,0,"Account Closure Service","Client Recess","1 - Client lost",26/09/19,Completed,1,S008,5536
201910000441,"Evaluating Request (WITH registered letter)","Take in Charge","01/10/2019 17:16:24","01/10/2019 17:16:24",UT00753,DIRECTOR,,0,0,0,"Account Closure Service","Client Recess","1 - Client lost",01/10/19,Completed,1,S008,60006
201910000678,"Evaluating Request (WITH registered letter)","Take in Charge","02/10/2019 11:58:27","02/10/2019 11:58:27",UT00581,DIRECTOR,,0,0,0,"Account Closure Service","Client Recess","1 - Client lost",26/09/19,Completed,1,S008,10330
201910000737,"Evaluating Request (WITH registered letter)","Take in Charge","02/10/2019 12:34:54","02/10/2019 12:34:54",UT00695,DIRECTOR,,0,0,0,"Account Closure Service","Client Recess","1 - Client lost",02/10/19,Completed,1,S008,102125
201910000770,"Evaluating Request (WITH registered letter)","Take in Charge","02/10/2019 13:24:52","02/10/2019 13:24:52",UT00842,DIRECTOR,,0,0,0,"Account Closure Service",Inheritance,,,Completed,6,S008,504107
201910000864,"Evaluating Request (WITH registered letter)","Take in Charge","02/10/2019 15:32:17","02/10/2019 15:32:17",UT00466,DIRECTOR,,0,0,0,"Account Closure Service","Client Recess","1 - Client lost",01/10/19,Completed,1,S008,68833202
201910000925,"Evaluating Request (WITH registered letter)","Take in Charge","02/10/2019 16:33:11","02/10/2019 16:33:11",SB01,DIRECTOR,,0,0,0,"Account Closure Service","Client Recess","1 - Client lost",12/09/19,Completed,1,S008,9474554
201910001008,"Evaluating Request (WITH registered letter)","Take in Charge","03/10/2019 08:53:11","03/10/2019 08:53:11",UT00190,DIRECTOR,,0,0,0,"Account Closure Service","Client Recess","1 - Client lost",20/09/19,Completed,1,S008,77961
201910001021,"Evaluating Request (WITH registered letter)","Take in Charge","03/10/2019 09:34:53","03/10/2019 09:34:53",UT00708,DIRECTOR,,0,0,0,"Account Closure Service","Client Recess","1 - Client lost",01/08/19,Completed,1,S008,34577
201910001352,"Evaluating Request (WITH registered letter)","Take in Charge","03/10/2019 15:32:25","03/10/2019 15:32:25",UT00226,DIRECTOR,,0,0,0,"Account Closure Service","Client Recess","1 - Client lost",03/10/19,Completed,1,S008,20920
201910001360,"Evaluating Request (WITH registered letter)","Take in Charge","03/10/2019 15:37:55","03/10/2019 15:37:55",UT00226,DIRECTOR,,0,0,0,"Account Closure Service","Client Recess","1 - Client lost",03/10/19,Completed,1,S008,12101
201910001409,"Evaluating Request (WITH registered letter)","Take in Charge","03/10/2019 16:32:25","03/10/2019 16:32:25",UT00193,DIRECTOR,,0,0,0,"Account Closure Service","Client Recess","1 - Client lost",03/10/19,Completed,1,S008,79762
201910001423,"Evaluating Request (WITH registered letter)","Take in Charge","03/10/2019 17:02:42","03/10/2019 17:02:42",SB79,DIRECTOR,,0,0,0,"Account Closure Service","Client Recess","1 - Client lost",02/10/19,Completed,1,S008,71429
201910001429,"Evaluating Request (WITH registered letter)","Take in Charge","03/10/2019 17:22:49","03/10/2019 17:22:49",UT00392,DIRECTOR,,0,0,0,"Account Closure Service","Client Recess","1 - Client lost",03/10/19,Completed,1,S008,6542024
201910001444,"Evaluating Request (WITH registered letter)","Take in Charge","03/10/2019 17:50:53","03/10/2019 17:50:53",SB98,DIRECTOR,,0,0,0,"Account Closure Service","Client Recess","1 - Client lost",03/10/19,Completed,1,S008,53789
201910001462,"Evaluating Request (WITH registered letter)","Take in Charge","04/10/2019 08:42:28","04/10/2019 08:42:28",UT00563,DIRECTOR,,0,0,0,"Account Closure Service","Client Recess","1 - Client lost",04/10/19,Completed,1,S008,50812929
201910001484,"Evaluating Request (WITH registered letter)","Take in Charge","04/10/2019 09:08:54","04/10/2019 09:08:54",UT00849,DIRECTOR,,0,0,0,"Account Closure Service","Bank Recess","1 - Client lost",,Completed,6,S008,7813
201910001527,"Evaluating Request (WITH registered letter)","Take in Charge","04/10/2019 09:50:10","04/10/2019 09:50:10",UT00224,DIRECTOR,,0,0,0,"Account Closure Service","Client Recess","1 - Client lost",04/10/19,Completed,1,S008,97613
201910001595,"Evaluating Request (WITH registered letter)","Take in Charge","04/10/2019 10:34:58","04/10/2019 10:34:58",SB63,DIRECTOR,,0,0,0,"Account Closure Service","Client Recess","1 - Client lost",04/10/19,Completed,1,S008,20571
201910001627,"Evaluating Request (WITH registered letter)","Take in Charge","04/10/2019 11:03:53","04/10/2019 11:03:53",UT00852,DIRECTOR,,0,0,0,"Account Closure Service",Inheritance,,,Completed,6,S008,52196
201910001754,"Evaluating Request (WITH registered letter)","Take in Charge","04/10/2019 13:25:46","04/10/2019 13:25:46",UT00130,DIRECTOR,,0,0,0,"Account Closure Service","Client Recess","1 - Client lost",04/10/19,Completed,1,S008,69834952
201910001791,"Evaluating Request (WITH registered letter)","Take in Charge","04/10/2019 14:59:05","04/10/2019 14:59:05",UT00282,DIRECTOR,,0,0,0,"Account Closure Service","Client Recess","1 - Client lost",04/10/19,Completed,1,S008,51564271
201910001794,"Evaluating Request (WITH registered letter)","Take in Charge","04/10/2019 18:06:47","04/10/2019 18:06:47",SB10,DIRECTOR,,0,0,0,"Account Closure Service","Client Recess","1 - Client lost",04/10/19,Completed,1,S008,5399827
201910001832,"Evaluating Request (WITH registered letter)","Take in Charge","04/10/2019 15:35:10","04/10/2019 15:35:10",UT00620,DIRECTOR,,0,0,0,"Account Closure Service","Client Recess","1 - Client lost",28/09/19,Completed,1,S008,436563
201910001964,"Evaluating Request (WITH registered letter)","Take in Charge","05/10/2019 09:06:05","05/10/2019 09:06:05",UT00501,DIRECTOR,,0,0,0,"Account Closure Service","Client Recess","1 - Client lost",27/09/19,Completed,1,S008,55980750
201910001973,"Evaluating Request (WITH registered letter)","Take in Charge","05/10/2019 09:33:31","05/10/2019 09:33:31",UT00702,DIRECTOR,,0,0,0,"Account Closure Service","Client Recess","1 - Client lost",05/10/19,Completed,1,S008,71845
201910002151,"Evaluating Request (WITH registered letter)","Take in Charge","05/10/2019 12:15:26","05/10/2019 12:15:26",SB63,DIRECTOR,,0,0,0,"Account Closure Service","Client Recess","1 - Client lost",05/10/19,Completed,1,S008,567738
201910002362,"Evaluating Request (WITH registered letter)","Take in Charge","08/10/2019 09:04:12","08/10/2019 09:04:12",UT00218,DIRECTOR,,0,0,0,"Account Closure Service","Client Recess","1 - Client lost",08/10/19,Completed,1,S008,626366
201910002463,"Evaluating Request (WITH registered letter)","Take in Charge","08/10/2019 10:11:21","08/10/2019 10:11:21",SB50,DIRECTOR,,0,0,0,"Account Closure Service","Client Recess","1 - Client lost",08/10/19,Completed,1,S008,118054
201910002616,"Evaluating Request (WITH registered letter)","Take in Charge","08/10/2019 12:01:02","08/10/2019 12:01:02",UT00240,DIRECTOR,,0,0,0,"Account Closure Service","Client Recess","1 - Client lost",08/10/19,Completed,1,S008,17019732
201910002724,"Evaluating Request (WITH registered letter)","Take in Charge","08/10/2019 12:49:47","08/10/2019 12:49:47",UT00453,DIRECTOR,,0,0,0,"Account Closure Service","Client Recess","1 - Client lost",08/10/19,Completed,1,S008,27084750
201910002760,"Evaluating Request (WITH registered letter)","Take in Charge","08/10/2019 13:13:58","08/10/2019 13:13:58",UT00274,DIRECTOR,,0,0,0,"Account Closure Service","Client Recess","1 - Client lost",08/10/19,Completed,1,S008,21518
201910002809,"Evaluating Request (WITH registered letter)","Take in Charge","08/10/2019 15:11:18","08/10/2019 15:11:18",UT00228,DIRECTOR,,0,0,0,"Account Closure Service","Client Recess","1 - Client lost",08/10/19,Completed,1,S008,17949
201910002829,"Evaluating Request (WITH registered letter)","Take in Charge","08/10/2019 16:17:24","08/10/2019 16:17:24",UT00232,DIRECTOR,,0,0,0,"Account Closure Service","Client Recess","1 - Client lost",08/10/19,Completed,1,S008,6449893
201910002851,"Evaluating Request (WITH registered letter)","Take in Charge","08/10/2019 15:39:05","08/10/2019 15:39:05",UT00918,DIRECTOR,,0,0,0,"Account Closure Service","Client Recess","1 - Client lost",08/10/19,Completed,1,S008,51101
201910002913,"Evaluating Request (WITH registered letter)","Take in Charge","08/10/2019 16:46:39","08/10/2019 16:46:39",UT00135,DIRECTOR,,0,0,0,"Account Closure Service","Client Recess","1 - Client lost",08/10/19,Completed,1,S008,171250
201910003081,"Evaluating Request (WITH registered letter)","Take in Charge","09/10/2019 10:09:06","09/10/2019 10:09:06",UT00093,DIRECTOR,,0,0,0,"Account Closure Service","Client Recess","1 - Client lost",09/10/19,Completed,1,S008,202027
201910003601,"Evaluating Request (WITH registered letter)","Take in Charge","10/10/2019 09:57:29","10/10/2019 09:57:29",UT00562,DIRECTOR,,0,0,0,"Account Closure Service","Client Recess","1 - Client lost",10/10/19,Completed,1,S008,2501833
201910003757,"Evaluating Request (WITH registered letter)","Take in Charge","10/10/2019 12:28:33","10/10/2019 12:28:33",UT00753,DIRECTOR,,0,0,0,"Account Closure Service","Client Recess","1 - Client lost",10/10/19,Completed,1,S008,7784250
201910004004,"Evaluating Request (WITH registered letter)","Take in Charge","11/10/2019 08:46:13","11/10/2019 08:46:13",UT00191,DIRECTOR,,0,0,0,"Account Closure Service","Client Recess","1 - Client lost",11/10/19,Completed,1,S008,90554
201910004092,"Evaluating Request (WITH registered letter)","Take in Charge","11/10/2019 09:59:57","11/10/2019 09:59:57",UT00142,DIRECTOR,,0,0,0,"Account Closure Service","Client Recess","1 - Client lost",11/10/19,Completed,1,S008,210988
201910004180,"Evaluating Request (WITH registered letter)","Take in Charge","11/10/2019 10:53:05","11/10/2019 10:53:05",UT00321,DIRECTOR,,0,0,0,"Account Closure Service","Client Recess","1 - Client lost",11/10/19,Completed,1,S008,46893
201910004243,"Evaluating Request (WITH registered letter)","Take in Charge","11/10/2019 11:55:43","11/10/2019 11:55:43",UT00842,DIRECTOR,,0,0,0,"Account Closure Service","Bank Recess","1 - Client lost",,Completed,6,S008,9952
20198002523,"Evaluating Request (WITH registered letter)","Check Request Section 1","04/10/2019 08:25:16","04/10/2019 08:49:00",UT00573,DIRECTOR,,156810,127143,42381,"Account Closure Service","Client Recess","1 - Client lost",03/08/19,Completed,1,S008,156810
20198010446,"Evaluating Request (WITH registered letter)","Check Request Section 5","30/08/2019 11:03:01","03/10/2019 10:32:51",UT00015,DIRECTOR,,87374702,288336518,166011935,"Account Closure Service","Client Recess","1 - Client lost",30/08/19,Completed,1,S008,87374702
20199003258,"Evaluating Request (WITH registered letter)","Check Request Section 3","21/09/2019 12:34:19","21/09/2019 14:53:57",UT00661,DIRECTOR,,997381,897643,349083,"Account Closure Service","Client Recess","7 - Keep other relationships. Same dip",24/08/19,Completed,1,S008,997381
20199005209,"Evaluating Request (WITH registered letter)","Check Request Section 2","17/09/2019 12:06:20","17/09/2019 12:07:37",UT00214,DIRECTOR,,8479,8250,2979,"Account Closure Service","Client Recess","1 - Client lost",17/09/19,Completed,1,S008,8479
20199005540,"Evaluating Request (WITH registered letter)","Check Request Section 2","09/10/2019 18:17:27","09/10/2019 18:48:21",UT00232,DIRECTOR,,193125,187607,104839,"Account Closure Service","Client Recess","1 - Client lost",18/09/19,Completed,1,S008,193125
20199005648,"Evaluating Request (WITH registered letter)","Check Request Section 1","18/09/2019 11:36:05","18/09/2019 15:15:00",UT00131,DIRECTOR,,1329137,1329137,390923,"Account Closure Service","Client Recess","8 - Keep other relationships. Different dip",25/05/19,Completed,1,S008,1329137
20199005772,"Evaluating Request (WITH registered letter)","Check Request Section 3","18/09/2019 13:07:06","19/09/2019 09:48:56",UT00253,DIRECTOR,,8426726,7317946,2882827,"Account Closure Service","Client Recess","7 - Keep other relationships. Same dip",18/09/19,Completed,1,S008,8426726
20199006003,"Evaluating Request (WITH registered letter)","Check Request Section 2","01/10/2019 09:30:50","01/10/2019 09:40:39",UT00351,DIRECTOR,,57848,57848,28048,"Account Closure Service","Client Recess","1 - Client lost",19/09/19,Completed,1,S008,57848
20199006290,"Evaluating Request (WITH registered letter)","Check Request Section 3","19/09/2019 12:41:40","04/10/2019 15:37:00",UT00089,DIRECTOR,,147761190,120542024,62215238,"Account Closure Service","Client Recess","1 - Client lost",19/09/19,Completed,1,S008,147761190
20199006569,"Evaluating Request (WITH registered letter)","Check Request Section 3","20/09/2019 09:43:18","08/10/2019 15:24:25",UT00076,DIRECTOR,,187579405,173510949,79721247,"Account Closure Service","Client Recess","1 - Client lost",20/09/19,Completed,1,S008,187579405
20199006952,"Evaluating Request (WITH registered letter)","Check Request Section 2","20/09/2019 15:35:28","20/09/2019 15:47:58",UT00829,DIRECTOR,,80357,84821,26786,"Account Closure Service",Inheritance,,,Completed,6,S008,80357
20199007226,"Evaluating Request (WITH registered letter)","Check Request Section 3","21/09/2019 11:25:47","21/09/2019 11:31:13",UT00835,DIRECTOR,,30077,37839,16494,"Account Closure Service",Inheritance,,,Completed,6,S008,30077
20199007862,"Evaluating Request (WITH registered letter)","Check Request Section 4","24/09/2019 13:21:32","25/09/2019 13:35:16",UT00572,DIRECTOR,,10124214,8307048,4153524,"Account Closure Service","Client Recess","1 - Client lost",21/09/19,Completed,1,S008,10124214
20199008462,"Evaluating Request (WITH registered letter)","Check Request Section 3","25/09/2019 15:22:47","28/09/2019 18:13:19",UT00870,DIRECTOR,,26462071,28065833,9622571,"Account Closure Service","Client Recess","1 - Client lost",25/09/19,Completed,1,S008,26462071
20199008569,"Evaluating Request (WITH registered letter)","Check Request Section 1","25/09/2019 17:23:20","04/10/2019 17:43:34",UT00545,DIRECTOR,,76490661,88080155,23178988,"Account Closure Service","Client Recess","1 - Client lost",25/09/19,Completed,1,S008,76490661
20199008586,"Evaluating Request (WITH registered letter)","Check Request Section 1","25/09/2019 19:13:18","01/10/2019 08:59:32",UT00745,DIRECTOR,,55896982,42997679,18632327,"Account Closure Service","Client Recess","1 - Client lost",25/09/19,Completed,1,S008,55896982
20199008612,"Evaluating Request (WITH registered letter)","Check Request Section 4","26/09/2019 08:55:39","02/10/2019 10:05:38",UT00443,DIRECTOR,,49771333,52882042,29551729,"Account Closure Service","Client Recess","1 - Client lost",26/09/19,Completed,1,S008,49771333
20199008816,"Evaluating Request (WITH registered letter)","Check Request Section 2","26/09/2019 12:22:03","04/10/2019 14:38:24",UT00092,DIRECTOR,,81178152,79096661,35385348,"Account Closure Service","Client Recess","1 - Client lost",03/09/19,Completed,1,S008,81178152
20199008884,"Evaluating Request (WITH registered letter)","Check Request Section 5","26/09/2019 13:24:36","26/09/2019 15:29:57",UT00118,DIRECTOR,,693902,738670,358143,"Account Closure Service","Client Recess","1 - Client lost",26/09/19,Completed,1,S008,693902
20199009651,"Evaluating Request (WITH registered letter)","Check Request Section 5","11/10/2019 09:41:35","11/10/2019 12:53:41",UT00574,DIRECTOR,,1029107,1269232,548857,"Account Closure Service","Client Recess","1 - Client lost",28/09/19,Completed,1,S008,1029107
20199009910,"Evaluating Request (WITH registered letter)","Check Request Section 4","28/09/2019 15:36:17","05/10/2019 14:43:18",UT00000,DIRECTOR,,57297238,68040470,32229696,"Account Closure Service","Client Recess","1 - Client lost",28/09/19,Completed,1,S008,57297238
20199009943,"Evaluating Request (WITH registered letter)","Check Request Section 4","28/09/2019 16:15:03","28/09/2019 16:22:57",UT00208,DIRECTOR,,53607,46554,26804,"Account Closure Service","Client Recess","1 - Client lost",25/07/19,Completed,1,S008,53607
20199009969,"Evaluating Request (WITH registered letter)","Check Request Section 1","28/09/2019 16:30:08","01/10/2019 09:17:50",UT00272,DIRECTOR,,24298125,24992357,13884643,"Account Closure Service","Client Recess","1 - Client lost",28/09/19,Completed,1,S008,24298125
20199009975,"Evaluating Request (WITH registered letter)","Check Request Section 4","28/09/2019 16:45:49","28/09/2019 17:03:16",UT00283,DIRECTOR,,96598,118411,40509,"Account Closure Service","Client Recess","1 - Client lost",08/08/19,Completed,1,S008,96598
201910000226,"Evaluating Request (WITH registered letter)","Check Request Section 2","01/10/2019 12:22:41","01/10/2019 14:37:29",UT00481,DIRECTOR,,842500,938786,481429,"Account Closure Service","Client Recess","1 - Client lost",01/10/19,Completed,1,S008,842500
201910000390,"Evaluating Request (WITH registered letter)","Check Request Section 2","03/10/2019 13:41:55","03/10/2019 13:44:11",UT00533,DIRECTOR,,13357,14167,7690,"Account Closure Service","Client Recess","1 - Client lost",03/10/19,Completed,1,S008,13357
201910000420,"Evaluating Request (WITH registered letter)","Check Request Section 3","01/10/2019 16:58:02","01/10/2019 17:20:02",UT00753,DIRECTOR,,157143,129643,70714,"Account Closure Service","Client Recess","1 - Client lost",01/10/19,Completed,1,S008,157143
201910000423,"Evaluating Request (WITH registered letter)","Check Request Section 5","01/10/2019 17:04:17","01/10/2019 17:08:36",SB95,DIRECTOR,,27750,26208,13104,"Account Closure Service","Client Recess","1 - Client lost",01/10/19,Completed,1,S008,27750
201910000430,"Evaluating Request (WITH registered letter)","Check Request Section 4","01/10/2019 17:09:42","01/10/2019 17:10:32",SB95,DIRECTOR,,4762,4911,1786,"Account Closure Service","Client Recess","1 - Client lost",01/10/19,Completed,1,S008,4762
201910000437,"Evaluating Request (WITH registered letter)","Check Request Section 1","01/10/2019 17:11:03","02/10/2019 12:40:40",UT00191,DIRECTOR,,6892384,7936685,3132902,"Account Closure Service","Client Recess","1 - Client lost",01/10/19,Completed,1,S008,6892384
201910000440,"Evaluating Request (WITH registered letter)","Check Request Section 4","01/10/2019 17:14:28","01/10/2019 17:15:30",UT00762,DIRECTOR,,5536,6274,2399,"Account Closure Service","Client Recess","1 - Client lost",26/09/19,Completed,1,S008,5536
201910000441,"Evaluating Request (WITH registered letter)","Check Request Section 2","01/10/2019 17:16:24","01/10/2019 17:26:17",UT00753,DIRECTOR,,60006,60006,26473,"Account Closure Service","Client Recess","1 - Client lost",01/10/19,Completed,1,S008,60006
201910000678,"Evaluating Request (WITH registered letter)","Check Request Section 2","02/10/2019 11:58:27","02/10/2019 11:59:56",UT00581,DIRECTOR,,10330,9271,3179,"Account Closure Service","Client Recess","1 - Client lost",26/09/19,Completed,1,S008,10330
201910000737,"Evaluating Request (WITH registered letter)","Check Request Section 1","02/10/2019 12:34:54","02/10/2019 12:49:57",UT00695,DIRECTOR,,102125,94063,26875,"Account Closure Service","Client Recess","1 - Client lost",02/10/19,Completed,1,S008,102125
201910000770,"Evaluating Request (WITH registered letter)","Check Request Section 3","02/10/2019 13:24:52","02/10/2019 14:58:58",UT00842,DIRECTOR,,504107,554518,252054,"Account Closure Service",Inheritance,,,Completed,6,S008,504107
201910000864,"Evaluating Request (WITH registered letter)","Check Request Section 3","02/10/2019 15:32:17","10/10/2019 12:29:31",UT00466,DIRECTOR,,68833202,66808696,22269565,"Account Closure Service","Client Recess","1 - Client lost",01/10/19,Completed,1,S008,68833202
201910000925,"Evaluating Request (WITH registered letter)","Check Request Section 1","02/10/2019 16:33:11","03/10/2019 15:49:26",SB01,DIRECTOR,,9474554,7479911,3241295,"Account Closure Service","Client Recess","1 - Client lost",12/09/19,Completed,1,S008,9474554
201910001008,"Evaluating Request (WITH registered letter)","Check Request Section 3","03/10/2019 08:53:11","03/10/2019 09:07:16",UT00190,DIRECTOR,,77961,75446,27664,"Account Closure Service","Client Recess","1 - Client lost",20/09/19,Completed,1,S008,77961
201910001021,"Evaluating Request (WITH registered letter)","Check Request Section 5","03/10/2019 09:34:53","03/10/2019 09:40:07",UT00708,DIRECTOR,,34577,36446,18690,"Account Closure Service","Client Recess","1 - Client lost",01/08/19,Completed,1,S008,34577
201910001352,"Evaluating Request (WITH registered letter)","Check Request Section 1","03/10/2019 15:32:25","03/10/2019 15:35:58",UT00226,DIRECTOR,,20920,21554,11411,"Account Closure Service","Client Recess","1 - Client lost",03/10/19,Completed,1,S008,20920
201910001360,"Evaluating Request (WITH registered letter)","Check Request Section 1","03/10/2019 15:37:55","03/10/2019 15:39:42",UT00226,DIRECTOR,,12101,12738,3185,"Account Closure Service","Client Recess","1 - Client lost",03/10/19,Completed,1,S008,12101
201910001409,"Evaluating Request (WITH registered letter)","Check Request Section 4","03/10/2019 16:32:25","03/10/2019 16:43:35",UT00193,DIRECTOR,,79762,67798,25923,"Account Closure Service","Client Recess","1 - Client lost",03/10/19,Completed,1,S008,79762
201910001423,"Evaluating Request (WITH registered letter)","Check Request Section 5","03/10/2019 17:02:42","03/10/2019 17:16:02",SB79,DIRECTOR,,71429,73810,35714,"Account Closure Service","Client Recess","1 - Client lost",02/10/19,Completed,1,S008,71429
201910001429,"Evaluating Request (WITH registered letter)","Check Request Section 2","03/10/2019 17:22:49","04/10/2019 08:38:42",UT00392,DIRECTOR,,6542024,6051372,2780360,"Account Closure Service","Client Recess","1 - Client lost",03/10/19,Completed,1,S008,6542024
201910001444,"Evaluating Request (WITH registered letter)","Check Request Section 1","03/10/2019 17:50:53","03/10/2019 18:00:36",SB98,DIRECTOR,,53789,57259,32967,"Account Closure Service","Client Recess","1 - Client lost",03/10/19,Completed,1,S008,53789
201910001462,"Evaluating Request (WITH registered letter)","Check Request Section 4","04/10/2019 08:42:28","10/10/2019 08:25:16",UT00563,DIRECTOR,,50812929,53892500,20017214,"Account Closure Service","Client Recess","1 - Client lost",04/10/19,Completed,1,S008,50812929
201910001484,"Evaluating Request (WITH registered letter)","Check Request Section 5","04/10/2019 09:08:54","04/10/2019 09:10:09",UT00849,DIRECTOR,,7813,8705,2455,"Account Closure Service","Bank Recess","1 - Client lost",,Completed,6,S008,7813
201910001527,"Evaluating Request (WITH registered letter)","Check Request Section 1","04/10/2019 09:50:10","04/10/2019 10:07:48",UT00224,DIRECTOR,,97613,94464,47232,"Account Closure Service","Client Recess","1 - Client lost",04/10/19,Completed,1,S008,97613
201910001595,"Evaluating Request (WITH registered letter)","Check Request Section 5","04/10/2019 10:34:58","04/10/2019 10:38:34",SB63,DIRECTOR,,20571,21857,9643,"Account Closure Service","Client Recess","1 - Client lost",04/10/19,Completed,1,S008,20571
201910001627,"Evaluating Request (WITH registered letter)","Check Request Section 3","04/10/2019 11:03:53","04/10/2019 11:11:47",UT00852,DIRECTOR,,52196,56429,22571,"Account Closure Service",Inheritance,,,Completed,6,S008,52196
201910001754,"Evaluating Request (WITH registered letter)","Check Request Section 3","04/10/2019 13:25:46","11/10/2019 16:57:14",UT00130,DIRECTOR,,69834952,58808381,27566429,"Account Closure Service","Client Recess","1 - Client lost",04/10/19,Completed,1,S008,69834952
201910001791,"Evaluating Request (WITH registered letter)","Check Request Section 4","04/10/2019 14:59:05","10/10/2019 08:29:22",UT00282,DIRECTOR,,51564271,54510801,26518768,"Account Closure Service","Client Recess","1 - Client lost",04/10/19,Completed,1,S008,51564271
201910001794,"Evaluating Request (WITH registered letter)","Check Request Section 3","04/10/2019 18:06:47","05/10/2019 08:56:10",SB10,DIRECTOR,,5399827,5558646,3176369,"Account Closure Service","Client Recess","1 - Client lost",04/10/19,Completed,1,S008,5399827
201910001832,"Evaluating Request (WITH registered letter)","Check Request Section 2","04/10/2019 15:35:10","04/10/2019 16:49:15",UT00620,DIRECTOR,,436563,423333,132292,"Account Closure Service","Client Recess","1 - Client lost",28/09/19,Completed,1,S008,436563
201910001964,"Evaluating Request (WITH registered letter)","Check Request Section 5","05/10/2019 09:06:05","11/10/2019 10:14:12",UT00501,DIRECTOR,,55980750,62200833,17105229,"Account Closure Service","Client Recess","1 - Client lost",27/09/19,Completed,1,S008,55980750
201910001973,"Evaluating Request (WITH registered letter)","Check Request Section 1","05/10/2019 09:33:31","05/10/2019 09:45:21",UT00702,DIRECTOR,,71845,82411,23244,"Account Closure Service","Client Recess","1 - Client lost",05/10/19,Completed,1,S008,71845
201910002151,"Evaluating Request (WITH registered letter)","Check Request Section 5","05/10/2019 12:15:26","05/10/2019 13:39:06",SB63,DIRECTOR,,567738,597619,164345,"Account Closure Service","Client Recess","1 - Client lost",05/10/19,Completed,1,S008,567738
201910002362,"Evaluating Request (WITH registered letter)","Check Request Section 2","08/10/2019 09:04:12","08/10/2019 10:57:21",UT00218,DIRECTOR,,626366,788009,363696,"Account Closure Service","Client Recess","1 - Client lost",08/10/19,Completed,1,S008,626366
201910002463,"Evaluating Request (WITH registered letter)","Check Request Section 3","08/10/2019 10:11:21","08/10/2019 10:31:23",SB50,DIRECTOR,,118054,121631,67970,"Account Closure Service","Client Recess","1 - Client lost",08/10/19,Completed,1,S008,118054
201910002616,"Evaluating Request (WITH registered letter)","Check Request Section 3","08/10/2019 12:01:02","10/10/2019 16:58:03",UT00240,DIRECTOR,,17019732,20991003,7942542,"Account Closure Service","Client Recess","1 - Client lost",08/10/19,Completed,1,S008,17019732
201910002724,"Evaluating Request (WITH registered letter)","Check Request Section 1","08/10/2019 12:49:47","11/10/2019 11:02:58",UT00453,DIRECTOR,,27084750,25580042,9028250,"Account Closure Service","Client Recess","1 - Client lost",08/10/19,Completed,1,S008,27084750
201910002760,"Evaluating Request (WITH registered letter)","Check Request Section 4","08/10/2019 13:13:58","08/10/2019 13:17:59",UT00274,DIRECTOR,,21518,22952,7890,"Account Closure Service","Client Recess","1 - Client lost",08/10/19,Completed,1,S008,21518
201910002809,"Evaluating Request (WITH registered letter)","Check Request Section 4","08/10/2019 15:11:18","08/10/2019 15:14:01",UT00228,DIRECTOR,,17949,17949,6792,"Account Closure Service","Client Recess","1 - Client lost",08/10/19,Completed,1,S008,17949
201910002829,"Evaluating Request (WITH registered letter)","Check Request Section 1","08/10/2019 16:17:24","09/10/2019 08:33:36",UT00232,DIRECTOR,,6449893,5926929,3312107,"Account Closure Service","Client Recess","1 - Client lost",08/10/19,Completed,1,S008,6449893
201910002851,"Evaluating Request (WITH registered letter)","Check Request Section 4","08/10/2019 15:39:05","08/10/2019 15:47:30",UT00918,DIRECTOR,,51101,54107,30060,"Account Closure Service","Client Recess","1 - Client lost",08/10/19,Completed,1,S008,51101
201910002913,"Evaluating Request (WITH registered letter)","Check Request Section 3","08/10/2019 16:46:39","08/10/2019 17:18:37",UT00135,DIRECTOR,,171250,171250,102750,"Account Closure Service","Client Recess","1 - Client lost",08/10/19,Completed,1,S008,171250
201910003081,"Evaluating Request (WITH registered letter)","Check Request Section 2","09/10/2019 10:09:06","09/10/2019 10:43:23",UT00093,DIRECTOR,,202027,220393,122440,"Account Closure Service","Client Recess","1 - Client lost",09/10/19,Completed,1,S008,202027
201910003601,"Evaluating Request (WITH registered letter)","Check Request Section 1","10/10/2019 09:57:29","10/10/2019 16:49:33",UT00562,DIRECTOR,,2501833,2354667,1177333,"Account Closure Service","Client Recess","1 - Client lost",10/10/19,Completed,1,S008,2501833
201910003757,"Evaluating Request (WITH registered letter)","Check Request Section 3","10/10/2019 12:28:33","11/10/2019 08:39:26",UT00753,DIRECTOR,,7784250,8000479,4108354,"Account Closure Service","Client Recess","1 - Client lost",10/10/19,Completed,1,S008,7784250
201910004004,"Evaluating Request (WITH registered letter)","Check Request Section 2","11/10/2019 08:46:13","11/10/2019 09:01:35",UT00191,DIRECTOR,,90554,82321,43905,"Account Closure Service","Client Recess","1 - Client lost",11/10/19,Completed,1,S008,90554
201910004092,"Evaluating Request (WITH registered letter)","Check Request Section 2","11/10/2019 09:59:57","11/10/2019 10:31:53",UT00142,DIRECTOR,,210988,205286,91238,"Account Closure Service","Client Recess","1 - Client lost",11/10/19,Completed,1,S008,210988
201910004180,"Evaluating Request (WITH registered letter)","Check Request Section 3","11/10/2019 10:53:05","11/10/2019 10:59:49",UT00321,DIRECTOR,,46893,40881,24048,"Account Closure Service","Client Recess","1 - Client lost",11/10/19,Completed,1,S008,46893
201910004243,"Evaluating Request (WITH registered letter)","Check Request Section 3","11/10/2019 11:55:43","11/10/2019 11:57:11",UT00842,DIRECTOR,,9952,9690,4714,"Account Closure Service","Bank Recess","1 - Client lost",,Completed,6,S008,9952
20198002523,"Evaluating Request (WITH registered letter)","Evaluation Complete","04/10/2019 08:49:00","04/10/2019 08:49:00",UT00573,DIRECTOR,,0,0,0,"Account Closure Service","Client Recess","1 - Client lost",03/08/19,Completed,1,S008,156810
20198010446,"Evaluating Request (WITH registered letter)","Evaluation Complete","03/10/2019 10:32:51","03/10/2019 10:32:51",UT00015,DIRECTOR,,0,0,0,"Account Closure Service","Client Recess","1 - Client lost",30/08/19,Completed,1,S008,87374702
20199003258,"Evaluating Request (WITH registered letter)","Evaluation Complete","21/09/2019 14:53:57","21/09/2019 14:53:57",UT00661,DIRECTOR,,0,0,0,"Account Closure Service","Client Recess","7 - Keep other relationships. Same dip",24/08/19,Completed,1,S008,997381
20199005209,"Evaluating Request (WITH registered letter)","Evaluation Complete","17/09/2019 12:07:37","17/09/2019 12:07:37",UT00214,DIRECTOR,,0,0,0,"Account Closure Service","Client Recess","1 - Client lost",17/09/19,Completed,1,S008,8479
20199005540,"Evaluating Request (WITH registered letter)","Evaluation Complete","09/10/2019 18:48:21","09/10/2019 18:48:21",UT00232,DIRECTOR,,0,0,0,"Account Closure Service","Client Recess","1 - Client lost",18/09/19,Completed,1,S008,193125
20199005648,"Evaluating Request (WITH registered letter)","Evaluation Complete","18/09/2019 15:15:00","18/09/2019 15:15:00",UT00131,DIRECTOR,,0,0,0,"Account Closure Service","Client Recess","8 - Keep other relationships. Different dip",25/05/19,Completed,1,S008,1329137
20199005772,"Evaluating Request (WITH registered letter)","Evaluation Complete","19/09/2019 09:48:56","19/09/2019 09:48:56",UT00253,DIRECTOR,,0,0,0,"Account Closure Service","Client Recess","7 - Keep other relationships. Same dip",18/09/19,Completed,1,S008,8426726
20199006003,"Evaluating Request (WITH registered letter)","Evaluation Complete","01/10/2019 09:40:39","01/10/2019 09:40:39",UT00351,DIRECTOR,,0,0,0,"Account Closure Service","Client Recess","1 - Client lost",19/09/19,Completed,1,S008,57848
20199006290,"Evaluating Request (WITH registered letter)","Evaluation Complete","04/10/2019 15:37:00","04/10/2019 15:37:00",UT00089,DIRECTOR,,0,0,0,"Account Closure Service","Client Recess","1 - Client lost",19/09/19,Completed,1,S008,147761190
20199006569,"Evaluating Request (WITH registered letter)","Evaluation Complete","08/10/2019 15:24:25","08/10/2019 15:24:25",UT00076,DIRECTOR,,0,0,0,"Account Closure Service","Client Recess","1 - Client lost",20/09/19,Completed,1,S008,187579405
20199006952,"Evaluating Request (WITH registered letter)","Evaluation Complete","20/09/2019 15:47:58","20/09/2019 15:47:58",UT00829,DIRECTOR,,0,0,0,"Account Closure Service",Inheritance,,,Completed,6,S008,80357
20199007226,"Evaluating Request (WITH registered letter)","Evaluation Complete","21/09/2019 11:31:13","21/09/2019 11:31:13",UT00835,DIRECTOR,,0,0,0,"Account Closure Service",Inheritance,,,Completed,6,S008,30077
20199007862,"Evaluating Request (WITH registered letter)","Evaluation Complete","25/09/2019 13:35:16","25/09/2019 13:35:16",UT00572,DIRECTOR,,0,0,0,"Account Closure Service","Client Recess","1 - Client lost",21/09/19,Completed,1,S008,10124214
20199008462,"Evaluating Request (WITH registered letter)","Evaluation Complete","28/09/2019 18:13:19","28/09/2019 18:13:19",UT00870,DIRECTOR,,0,0,0,"Account Closure Service","Client Recess","1 - Client lost",25/09/19,Completed,1,S008,26462071
20199008569,"Evaluating Request (WITH registered letter)","Evaluation Complete","04/10/2019 17:43:34","04/10/2019 17:43:34",UT00545,DIRECTOR,,0,0,0,"Account Closure Service","Client Recess","1 - Client lost",25/09/19,Completed,1,S008,76490661
20199008586,"Evaluating Request (WITH registered letter)","Evaluation Complete","01/10/2019 08:59:32","01/10/2019 08:59:32",UT00745,DIRECTOR,,0,0,0,"Account Closure Service","Client Recess","1 - Client lost",25/09/19,Completed,1,S008,55896982
20199008612,"Evaluating Request (WITH registered letter)","Evaluation Complete","02/10/2019 10:05:38","02/10/2019 10:05:38",UT00443,DIRECTOR,,0,0,0,"Account Closure Service","Client Recess","1 - Client lost",26/09/19,Completed,1,S008,49771333
20199008816,"Evaluating Request (WITH registered letter)","Evaluation Complete","04/10/2019 14:38:24","04/10/2019 14:38:24",UT00092,DIRECTOR,,0,0,0,"Account Closure Service","Client Recess","1 - Client lost",03/09/19,Completed,1,S008,81178152
20199008884,"Evaluating Request (WITH registered letter)","Evaluation Complete","26/09/2019 15:29:57","26/09/2019 15:29:57",UT00118,DIRECTOR,,0,0,0,"Account Closure Service","Client Recess","1 - Client lost",26/09/19,Completed,1,S008,693902
20199009651,"Evaluating Request (WITH registered letter)","Evaluation Complete","11/10/2019 12:53:41","11/10/2019 12:53:41",UT00574,DIRECTOR,,0,0,0,"Account Closure Service","Client Recess","1 - Client lost",28/09/19,Completed,1,S008,1029107
20199009910,"Evaluating Request (WITH registered letter)","Evaluation Complete","05/10/2019 14:43:18","05/10/2019 14:43:18",UT00000,DIRECTOR,,0,0,0,"Account Closure Service","Client Recess","1 - Client lost",28/09/19,Completed,1,S008,57297238
20199009943,"Evaluating Request (WITH registered letter)","Evaluation Complete","28/09/2019 16:22:57","28/09/2019 16:22:57",UT00208,DIRECTOR,,0,0,0,"Account Closure Service","Client Recess","1 - Client lost",25/07/19,Completed,1,S008,53607
20199009969,"Evaluating Request (WITH registered letter)","Evaluation Complete","01/10/2019 09:17:50","01/10/2019 09:17:50",UT00272,DIRECTOR,,0,0,0,"Account Closure Service","Client Recess","1 - Client lost",28/09/19,Completed,1,S008,24298125
20199009975,"Evaluating Request (WITH registered letter)","Evaluation Complete","28/09/2019 17:03:16","28/09/2019 17:03:16",UT00283,DIRECTOR,,0,0,0,"Account Closure Service","Client Recess","1 - Client lost",08/08/19,Completed,1,S008,96598
201910000226,"Evaluating Request (WITH registered letter)","Evaluation Complete","01/10/2019 14:37:29","01/10/2019 14:37:29",UT00481,DIRECTOR,,0,0,0,"Account Closure Service","Client Recess","1 - Client lost",01/10/19,Completed,1,S008,842500
201910000390,"Evaluating Request (WITH registered letter)","Evaluation Complete","03/10/2019 13:44:11","03/10/2019 13:44:11",UT00533,DIRECTOR,,0,0,0,"Account Closure Service","Client Recess","1 - Client lost",03/10/19,Completed,1,S008,13357
201910000420,"Evaluating Request (WITH registered letter)","Evaluation Complete","01/10/2019 17:20:02","01/10/2019 17:20:02",UT00753,DIRECTOR,,0,0,0,"Account Closure Service","Client Recess","1 - Client lost",01/10/19,Completed,1,S008,157143
201910000423,"Evaluating Request (WITH registered letter)","Evaluation Complete","01/10/2019 17:08:36","01/10/2019 17:08:36",SB95,DIRECTOR,,0,0,0,"Account Closure Service","Client Recess","1 - Client lost",01/10/19,Completed,1,S008,27750
201910000430,"Evaluating Request (WITH registered letter)","Evaluation Complete","01/10/2019 17:10:32","01/10/2019 17:10:32",SB95,DIRECTOR,,0,0,0,"Account Closure Service","Client Recess","1 - Client lost",01/10/19,Completed,1,S008,4762
201910000437,"Evaluating Request (WITH registered letter)","Evaluation Complete","02/10/2019 12:40:40","02/10/2019 12:40:40",UT00191,DIRECTOR,,0,0,0,"Account Closure Service","Client Recess","1 - Client lost",01/10/19,Completed,1,S008,6892384
201910000440,"Evaluating Request (WITH registered letter)","Evaluation Complete","01/10/2019 17:15:30","01/10/2019 17:15:30",UT00762,DIRECTOR,,0,0,0,"Account Closure Service","Client Recess","1 - Client lost",26/09/19,Completed,1,S008,5536
201910000441,"Evaluating Request (WITH registered letter)","Evaluation Complete","01/10/2019 17:26:17","01/10/2019 17:26:17",UT00753,DIRECTOR,,0,0,0,"Account Closure Service","Client Recess","1 - Client lost",01/10/19,Completed,1,S008,60006
201910000678,"Evaluating Request (WITH registered letter)","Evaluation Complete","02/10/2019 11:59:56","02/10/2019 11:59:56",UT00581,DIRECTOR,,0,0,0,"Account Closure Service","Client Recess","1 - Client lost",26/09/19,Completed,1,S008,10330
201910000737,"Evaluating Request (WITH registered letter)","Evaluation Complete","02/10/2019 12:49:57","02/10/2019 12:49:57",UT00695,DIRECTOR,,0,0,0,"Account Closure Service","Client Recess","1 - Client lost",02/10/19,Completed,1,S008,102125
201910000770,"Evaluating Request (WITH registered letter)","Evaluation Complete","02/10/2019 14:58:58","02/10/2019 14:58:58",UT00842,DIRECTOR,,0,0,0,"Account Closure Service",Inheritance,,,Completed,6,S008,504107
201910000864,"Evaluating Request (WITH registered letter)","Evaluation Complete","10/10/2019 12:29:31","10/10/2019 12:29:31",UT00466,DIRECTOR,,0,0,0,"Account Closure Service","Client Recess","1 - Client lost",01/10/19,Completed,1,S008,68833202
201910000925,"Evaluating Request (WITH registered letter)","Evaluation Complete","03/10/2019 15:49:26","03/10/2019 15:49:26",SB01,DIRECTOR,,0,0,0,"Account Closure Service","Client Recess","1 - Client lost",12/09/19,Completed,1,S008,9474554
201910001008,"Evaluating Request (WITH registered letter)","Evaluation Complete","03/10/2019 09:07:16","03/10/2019 09:07:16",UT00190,DIRECTOR,,0,0,0,"Account Closure Service","Client Recess","1 - Client lost",20/09/19,Completed,1,S008,77961
201910001021,"Evaluating Request (WITH registered letter)","Evaluation Complete","03/10/2019 09:40:07","03/10/2019 09:40:07",UT00708,DIRECTOR,,0,0,0,"Account Closure Service","Client Recess","1 - Client lost",01/08/19,Completed,1,S008,34577
201910001352,"Evaluating Request (WITH registered letter)","Evaluation Complete","03/10/2019 15:35:58","03/10/2019 15:35:58",UT00226,DIRECTOR,,0,0,0,"Account Closure Service","Client Recess","1 - Client lost",03/10/19,Completed,1,S008,20920
201910001360,"Evaluating Request (WITH registered letter)","Evaluation Complete","03/10/2019 15:39:42","03/10/2019 15:39:42",UT00226,DIRECTOR,,0,0,0,"Account Closure Service","Client Recess","1 - Client lost",03/10/19,Completed,1,S008,12101
201910001409,"Evaluating Request (WITH registered letter)","Evaluation Complete","03/10/2019 16:43:35","03/10/2019 16:43:35",UT00193,DIRECTOR,,0,0,0,"Account Closure Service","Client Recess","1 - Client lost",03/10/19,Completed,1,S008,79762
201910001423,"Evaluating Request (WITH registered letter)","Evaluation Complete","03/10/2019 17:16:02","03/10/2019 17:16:02",SB79,DIRECTOR,,0,0,0,"Account Closure Service","Client Recess","1 - Client lost",02/10/19,Completed,1,S008,71429
201910001429,"Evaluating Request (WITH registered letter)","Evaluation Complete","04/10/2019 08:38:42","04/10/2019 08:38:42",UT00392,DIRECTOR,,0,0,0,"Account Closure Service","Client Recess","1 - Client lost",03/10/19,Completed,1,S008,6542024
201910001444,"Evaluating Request (WITH registered letter)","Evaluation Complete","03/10/2019 18:00:36","03/10/2019 18:00:36",SB98,DIRECTOR,,0,0,0,"Account Closure Service","Client Recess","1 - Client lost",03/10/19,Completed,1,S008,53789
201910001462,"Evaluating Request (WITH registered letter)","Evaluation Complete","10/10/2019 08:25:16","10/10/2019 08:25:16",UT00563,DIRECTOR,,0,0,0,"Account Closure Service","Client Recess","1 - Client lost",04/10/19,Completed,1,S008,50812929
201910001484,"Evaluating Request (WITH registered letter)","Evaluation Complete","04/10/2019 09:10:09","04/10/2019 09:10:09",UT00849,DIRECTOR,,0,0,0,"Account Closure Service","Bank Recess","1 - Client lost",,Completed,6,S008,7813
201910001527,"Evaluating Request (WITH registered letter)","Evaluation Complete","04/10/2019 10:07:48","04/10/2019 10:07:48",UT00224,DIRECTOR,,0,0,0,"Account Closure Service","Client Recess","1 - Client lost",04/10/19,Completed,1,S008,97613
201910001595,"Evaluating Request (WITH registered letter)","Evaluation Complete","04/10/2019 10:38:34","04/10/2019 10:38:34",SB63,DIRECTOR,,0,0,0,"Account Closure Service","Client Recess","1 - Client lost",04/10/19,Completed,1,S008,20571
201910001627,"Evaluating Request (WITH registered letter)","Evaluation Complete","04/10/2019 11:11:47","04/10/2019 11:11:47",UT00852,DIRECTOR,,0,0,0,"Account Closure Service",Inheritance,,,Completed,6,S008,52196
201910001754,"Evaluating Request (WITH registered letter)","Evaluation Complete","11/10/2019 16:57:14","11/10/2019 16:57:14",UT00130,DIRECTOR,,0,0,0,"Account Closure Service","Client Recess","1 - Client lost",04/10/19,Completed,1,S008,69834952
201910001791,"Evaluating Request (WITH registered letter)","Evaluation Complete","10/10/2019 08:29:22","10/10/2019 08:29:22",UT00282,DIRECTOR,,0,0,0,"Account Closure Service","Client Recess","1 - Client lost",04/10/19,Completed,1,S008,51564271
201910001794,"Evaluating Request (WITH registered letter)","Evaluation Complete","05/10/2019 08:56:10","05/10/2019 08:56:10",SB10,DIRECTOR,,0,0,0,"Account Closure Service","Client Recess","1 - Client lost",04/10/19,Completed,1,S008,5399827
201910001832,"Evaluating Request (WITH registered letter)","Evaluation Complete","04/10/2019 16:49:15","04/10/2019 16:49:15",UT00620,DIRECTOR,,0,0,0,"Account Closure Service","Client Recess","1 - Client lost",28/09/19,Completed,1,S008,436563
201910001964,"Evaluating Request (WITH registered letter)","Evaluation Complete","11/10/2019 10:14:12","11/10/2019 10:14:12",UT00501,DIRECTOR,,0,0,0,"Account Closure Service","Client Recess","1 - Client lost",27/09/19,Completed,1,S008,55980750
201910001973,"Evaluating Request (WITH registered letter)","Evaluation Complete","05/10/2019 09:45:21","05/10/2019 09:45:21",UT00702,DIRECTOR,,0,0,0,"Account Closure Service","Client Recess","1 - Client lost",05/10/19,Completed,1,S008,71845
201910002151,"Evaluating Request (WITH registered letter)","Evaluation Complete","05/10/2019 13:39:06","05/10/2019 13:39:06",SB63,DIRECTOR,,0,0,0,"Account Closure Service","Client Recess","1 - Client lost",05/10/19,Completed,1,S008,567738
201910002362,"Evaluating Request (WITH registered letter)","Evaluation Complete","08/10/2019 10:57:21","08/10/2019 10:57:21",UT00218,DIRECTOR,,0,0,0,"Account Closure Service","Client Recess","1 - Client lost",08/10/19,Completed,1,S008,626366
201910002463,"Evaluating Request (WITH registered letter)","Evaluation Complete","08/10/2019 10:31:23","08/10/2019 10:31:23",SB50,DIRECTOR,,0,0,0,"Account Closure Service","Client Recess","1 - Client lost",08/10/19,Completed,1,S008,118054
201910002616,"Evaluating Request (WITH registered letter)","Evaluation Complete","10/10/2019 16:58:03","10/10/2019 16:58:03",UT00240,DIRECTOR,,0,0,0,"Account Closure Service","Client Recess","1 - Client lost",08/10/19,Completed,1,S008,17019732
201910002724,"Evaluating Request (WITH registered letter)","Evaluation Complete","11/10/2019 11:02:58","11/10/2019 11:02:58",UT00453,DIRECTOR,,0,0,0,"Account Closure Service","Client Recess","1 - Client lost",08/10/19,Completed,1,S008,27084750
201910002760,"Evaluating Request (WITH registered letter)","Evaluation Complete","08/10/2019 13:17:59","08/10/2019 13:17:59",UT00274,DIRECTOR,,0,0,0,"Account Closure Service","Client Recess","1 - Client lost",08/10/19,Completed,1,S008,21518
201910002809,"Evaluating Request (WITH registered letter)","Evaluation Complete","08/10/2019 15:14:01","08/10/2019 15:14:01",UT00228,DIRECTOR,,0,0,0,"Account Closure Service","Client Recess","1 - Client lost",08/10/19,Completed,1,S008,17949
201910002829,"Evaluating Request (WITH registered letter)","Evaluation Complete","09/10/2019 08:33:36","09/10/2019 08:33:36",UT00232,DIRECTOR,,0,0,0,"Account Closure Service","Client Recess","1 - Client lost",08/10/19,Completed,1,S008,6449893
201910002851,"Evaluating Request (WITH registered letter)","Evaluation Complete","08/10/2019 15:47:30","08/10/2019 15:47:30",UT00918,DIRECTOR,,0,0,0,"Account Closure Service","Client Recess","1 - Client lost",08/10/19,Completed,1,S008,51101
201910002913,"Evaluating Request (WITH registered letter)","Evaluation Complete","08/10/2019 17:18:37","08/10/2019 17:18:37",UT00135,DIRECTOR,,0,0,0,"Account Closure Service","Client Recess","1 - Client lost",08/10/19,Completed,1,S008,171250
201910003081,"Evaluating Request (WITH registered letter)","Evaluation Complete","09/10/2019 10:43:23","09/10/2019 10:43:23",UT00093,DIRECTOR,,0,0,0,"Account Closure Service","Client Recess","1 - Client lost",09/10/19,Completed,1,S008,202027
201910003601,"Evaluating Request (WITH registered letter)","Evaluation Complete","10/10/2019 16:49:33","10/10/2019 16:49:33",UT00562,DIRECTOR,,0,0,0,"Account Closure Service","Client Recess","1 - Client lost",10/10/19,Completed,1,S008,2501833
201910003757,"Evaluating Request (WITH registered letter)","Evaluation Complete","11/10/2019 08:39:26","11/10/2019 08:39:26",UT00753,DIRECTOR,,0,0,0,"Account Closure Service","Client Recess","1 - Client lost",10/10/19,Completed,1,S008,7784250
201910004004,"Evaluating Request (WITH registered letter)","Evaluation Complete","11/10/2019 09:01:35","11/10/2019 09:01:35",UT00191,DIRECTOR,,0,0,0,"Account Closure Service","Client Recess","1 - Client lost",11/10/19,Completed,1,S008,90554
201910004092,"Evaluating Request (WITH registered letter)","Evaluation Complete","11/10/2019 10:31:53","11/10/2019 10:31:53",UT00142,DIRECTOR,,0,0,0,"Account Closure Service","Client Recess","1 - Client lost",11/10/19,Completed,1,S008,210988
201910004180,"Evaluating Request (WITH registered letter)","Evaluation Complete","11/10/2019 10:59:49","11/10/2019 10:59:49",UT00321,DIRECTOR,,0,0,0,"Account Closure Service","Client Recess","1 - Client lost",11/10/19,Completed,1,S008,46893
201910004243,"Evaluating Request (WITH registered letter)","Evaluation Complete","11/10/2019 11:57:11","11/10/2019 11:57:11",UT00842,DIRECTOR,,0,0,0,"Account Closure Service","Bank Recess","1 - Client lost",,Completed,6,S008,9952
