Process_id,Business_Activity,Activity,Start_Time,End_Time,User,Role,Type,PRODUCTIVE,OTHERACTIVITIES,IDLE,Application,CLOSURE_TYPE,CLOSURE_REASON,LETTER_RECEIVED_DATE,WORKING_STATE,INSTITUTE_NR,CE_STATE,CASEPRODUCTIVE
20198002523,"Network Service Closure","Take In Charge","04/10/2019 8:50:39","04/10/2019 8:50:39",UT00573,APPLICANT,HUMAN,0,0,0,"Terminal Host","Client Recess","1 - Client lost",03/08/19,Completed,1,S010,1571
20198010446,"Network Service Closure","Take In Charge","03/10/2019 10:34:47","03/10/2019 10:34:47",UT00015,APPLICANT,HUMAN,0,0,0,"Terminal Host","Client Recess","1 - Client lost",30/08/19,Completed,1,S010,7929
20199003258,"Network Service Closure","Take In Charge","02/10/2019 11:30:32","02/10/2019 11:30:32",UT00661,APPLICANT,HUMAN,0,0,0,"Terminal Host","Client Recess","7 - Keep other relationships. Same dip",24/08/19,Completed,1,S010,2307
20199005209,"Network Service Closure","Take In Charge","17/09/2019 13:07:17","17/09/2019 13:07:17",UT00214,APPLICANT,HUMAN,0,0,0,"Terminal Host","Client Recess","1 - Client lost",17/09/19,Completed,1,S010,115211905
20199005540,"Network Service Closure","Take In Charge","12/10/2019 10:15:15","12/10/2019 10:15:15",UT00232,APPLICANT,HUMAN,0,0,0,"Terminal Host","Client Recess","1 - Client lost",18/09/19,Completed,1,S010,7268
20199005648,"Network Service Closure","Take In Charge","08/10/2019 9:57:11","08/10/2019 9:57:11",UT00131,APPLICANT,HUMAN,0,0,0,"Terminal Host","Client Recess","8 - Keep other relationships. Different dip",25/05/19,Completed,1,S010,5357
20199005772,"Network Service Closure","Take In Charge","19/09/2019 9:57:25","19/09/2019 9:57:25",UT00253,APPLICANT,HUMAN,0,0,0,"Terminal Host","Client Recess","7 - Keep other relationships. Same dip",18/09/19,Completed,1,S010,113619
20199006003,"Network Service Closure","Take In Charge","01/10/2019 9:45:48","01/10/2019 9:45:48",UT00351,APPLICANT,HUMAN,0,0,0,"Terminal Host","Client Recess","1 - Client lost",19/09/19,Completed,1,S010,6384
20199006290,"Network Service Closure","Take In Charge","04/10/2019 15:37:40","04/10/2019 15:37:40",UT00089,APPLICANT,HUMAN,0,0,0,"Terminal Host","Client Recess","1 - Client lost",19/09/19,Completed,1,S010,9801
20199006569,"Network Service Closure","Take In Charge","09/10/2019 11:57:44","09/10/2019 11:57:44",UT00076,APPLICANT,HUMAN,0,0,0,"Terminal Host","Client Recess","1 - Client lost",20/09/19,Completed,1,S010,3125
20199006952,"Network Service Closure","Take In Charge","20/09/2019 15:32:57","20/09/2019 15:32:57",UT00875,APPLICANT,HUMAN,0,0,0,"Terminal Host",Inheritance,,,Completed,6,S010,13482
20199007226,"Network Service Closure","Take In Charge","21/09/2019 11:22:00","21/09/2019 11:22:00",UT00144,APPLICANT,HUMAN,0,0,0,"Terminal Host",Inheritance,,,Completed,6,S010,21619
20199007862,"Network Service Closure","Take In Charge","04/10/2019 16:50:25","04/10/2019 16:50:25",UT00572,APPLICANT,HUMAN,0,0,0,"Terminal Host","Client Recess","1 - Client lost",21/09/19,Completed,1,S010,36713089
20199008462,"Network Service Closure","Take In Charge","04/10/2019 9:42:58","04/10/2019 9:42:58",UT00870,APPLICANT,HUMAN,0,0,0,"Terminal Host","Client Recess","1 - Client lost",25/09/19,Completed,1,S010,20476
20199008569,"Network Service Closure","Take In Charge","04/10/2019 17:44:24","04/10/2019 17:44:24",UT00545,APPLICANT,HUMAN,0,0,0,"Terminal Host","Client Recess","1 - Client lost",25/09/19,Completed,1,S010,86476
20199008586,"Network Service Closure","Take In Charge","02/10/2019 8:40:27","02/10/2019 8:40:27",UT00745,APPLICANT,HUMAN,0,0,0,"Terminal Host","Client Recess","1 - Client lost",25/09/19,Completed,1,S010,3443452
20199008612,"Network Service Closure","Take In Charge","03/10/2019 16:29:15","03/10/2019 16:29:15",UT00443,APPLICANT,HUMAN,0,0,0,"Terminal Host","Client Recess","1 - Client lost",26/09/19,Completed,1,S010,3830
20199008816,"Network Service Closure","Take In Charge","12/10/2019 9:09:55","12/10/2019 9:09:55",UT00092,APPLICANT,HUMAN,0,0,0,"Terminal Host","Client Recess","1 - Client lost",03/09/19,Completed,1,S010,150170
20199008884,"Network Service Closure","Take In Charge","04/10/2019 17:03:01","04/10/2019 17:03:01",UT00118,APPLICANT,HUMAN,0,0,0,"Terminal Host","Client Recess","1 - Client lost",26/09/19,Completed,1,S010,10057
20199009651,"Network Service Closure","Take In Charge","12/10/2019 8:39:25","12/10/2019 8:39:25",UT00574,APPLICANT,HUMAN,0,0,0,"Terminal Host","Client Recess","1 - Client lost",28/09/19,Completed,1,S010,4125
20199009910,"Network Service Closure","Take In Charge","05/10/2019 15:07:37","05/10/2019 15:07:37",UT00000,APPLICANT,HUMAN,0,0,0,"Terminal Host","Client Recess","1 - Client lost",28/09/19,Completed,1,S010,4351
20199009943,"Network Service Closure","Take In Charge","05/10/2019 8:52:07","05/10/2019 8:52:07",UT00208,APPLICANT,HUMAN,0,0,0,"Terminal Host","Client Recess","1 - Client lost",25/07/19,Completed,1,S010,3366
20199009969,"Network Service Closure","Take In Charge","01/10/2019 12:57:27","01/10/2019 12:57:27",UT00272,APPLICANT,HUMAN,0,0,0,"Terminal Host","Client Recess","1 - Client lost",28/09/19,Completed,1,S010,9411
20199009975,"Network Service Closure","Take In Charge","03/10/2019 16:51:10","03/10/2019 16:51:10",UT00283,APPLICANT,HUMAN,0,0,0,"Terminal Host","Client Recess","1 - Client lost",08/08/19,Completed,1,S010,4167
201910000226,"Network Service Closure","Take In Charge","02/10/2019 9:27:46","02/10/2019 9:27:46",UT00481,APPLICANT,HUMAN,0,0,0,"Terminal Host","Client Recess","1 - Client lost",01/10/19,Completed,1,S010,10098
201910000390,"Network Service Closure","Take In Charge","03/10/2019 15:32:39","03/10/2019 15:32:39",UT00533,APPLICANT,HUMAN,0,0,0,"Terminal Host","Client Recess","1 - Client lost",03/10/19,Completed,1,S010,4890
201910000420,"Network Service Closure","Take In Charge","01/10/2019 17:26:45","01/10/2019 17:26:45",UT00753,APPLICANT,HUMAN,0,0,0,"Terminal Host","Client Recess","1 - Client lost",01/10/19,Completed,1,S010,3524
201910000423,"Network Service Closure","Take In Charge","01/10/2019 17:20:50","01/10/2019 17:20:50",UT00753,APPLICANT,HUMAN,0,0,0,"Terminal Host","Client Recess","1 - Client lost",01/10/19,Completed,1,S010,4762
201910000430,"Network Service Closure","Take In Charge","01/10/2019 17:22:50","01/10/2019 17:22:50",UT00753,APPLICANT,HUMAN,0,0,0,"Terminal Host","Client Recess","1 - Client lost",01/10/19,Completed,1,S010,15554
201910000437,"Network Service Closure","Take In Charge","02/10/2019 12:48:46","02/10/2019 12:48:46",UT00191,APPLICANT,HUMAN,0,0,0,"Terminal Host","Client Recess","1 - Client lost",01/10/19,Completed,1,S010,13229
201910000440,"Network Service Closure","Take In Charge","01/10/2019 17:16:22","01/10/2019 17:16:22",UT00762,APPLICANT,HUMAN,0,0,0,"Terminal Host","Client Recess","1 - Client lost",26/09/19,Completed,1,S010,87504060
201910000441,"Network Service Closure","Take In Charge","01/10/2019 17:29:38","01/10/2019 17:29:38",UT00753,APPLICANT,HUMAN,0,0,0,"Terminal Host","Client Recess","1 - Client lost",01/10/19,Completed,1,S010,8938
201910000678,"Network Service Closure","Take In Charge","02/10/2019 13:23:36","02/10/2019 13:23:36",UT00581,APPLICANT,HUMAN,0,0,0,"Terminal Host","Client Recess","1 - Client lost",26/09/19,Completed,1,S010,15104
201910000737,"Network Service Closure","Take In Charge","02/10/2019 13:02:36","02/10/2019 13:02:36",UT00695,APPLICANT,HUMAN,0,0,0,"Terminal Host","Client Recess","1 - Client lost",02/10/19,Completed,1,S010,7813
201910000770,"Network Service Closure","Take In Charge","02/10/2019 13:18:59","02/10/2019 13:18:59",UT00702,APPLICANT,HUMAN,0,0,0,"Terminal Host",Inheritance,,,Completed,6,S010,35720
201910000864,"Network Service Closure","Take In Charge","10/10/2019 12:31:52","10/10/2019 12:31:52",UT00466,APPLICANT,HUMAN,0,0,0,"Terminal Host","Client Recess","1 - Client lost",01/10/19,Completed,1,S010,6042
201910000925,"Network Service Closure","Take In Charge","03/10/2019 16:21:04","03/10/2019 16:21:04",SB01,APPLICANT,HUMAN,0,0,0,"Terminal Host","Client Recess","1 - Client lost",12/09/19,Completed,1,S010,4405
201910001008,"Network Service Closure","Take In Charge","03/10/2019 10:57:19","03/10/2019 10:57:19",UT00190,APPLICANT,HUMAN,0,0,0,"Terminal Host","Client Recess","1 - Client lost",20/09/19,Completed,1,S010,103810
201910001021,"Network Service Closure","Take In Charge","03/10/2019 9:42:48","03/10/2019 9:42:48",UT00708,APPLICANT,HUMAN,0,0,0,"Terminal Host","Client Recess","1 - Client lost",01/08/19,Completed,1,S010,77143
201910001352,"Network Service Closure","Take In Charge","03/10/2019 15:39:55","03/10/2019 15:39:55",UT00226,APPLICANT,HUMAN,0,0,0,"Terminal Host","Client Recess","1 - Client lost",03/10/19,Completed,1,S010,7842
201910001360,"Network Service Closure","Take In Charge","03/10/2019 15:42:12","03/10/2019 15:42:12",UT00226,APPLICANT,HUMAN,0,0,0,"Terminal Host","Client Recess","1 - Client lost",03/10/19,Completed,1,S010,3440
201910001409,"Network Service Closure","Take In Charge","04/10/2019 10:39:12","04/10/2019 10:39:12",UT00193,APPLICANT,HUMAN,0,0,0,"Terminal Host","Client Recess","1 - Client lost",03/10/19,Completed,1,S010,4583
201910001423,"Network Service Closure","Take In Charge","04/10/2019 8:38:28","04/10/2019 8:38:28",SB79,APPLICANT,HUMAN,0,0,0,"Terminal Host","Client Recess","1 - Client lost",02/10/19,Completed,1,S010,5720
201910001429,"Network Service Closure","Take In Charge","04/10/2019 11:48:48","04/10/2019 11:48:48",UT00392,APPLICANT,HUMAN,0,0,0,"Terminal Host","Client Recess","1 - Client lost",03/10/19,Completed,1,S010,18214
201910001444,"Network Service Closure","Take In Charge","04/10/2019 9:29:02","04/10/2019 9:29:02",UT00477,APPLICANT,HUMAN,0,0,0,"Terminal Host","Client Recess","1 - Client lost",03/10/19,Completed,1,S010,7289
201910001462,"Network Service Closure","Take In Charge","10/10/2019 8:31:48","10/10/2019 8:31:48",UT00563,APPLICANT,HUMAN,0,0,0,"Terminal Host","Client Recess","1 - Client lost",04/10/19,Completed,1,S010,2917
201910001484,"Network Service Closure","Take In Charge","04/10/2019 9:08:40","04/10/2019 9:08:40",SB31,APPLICANT,HUMAN,0,0,0,"Terminal Host","Bank Recess","1 - Client lost",,Completed,6,S010,1417
201910001527,"Network Service Closure","Take In Charge","04/10/2019 10:13:57","04/10/2019 10:13:57",UT00224,APPLICANT,HUMAN,0,0,0,"Terminal Host","Client Recess","1 - Client lost",04/10/19,Completed,1,S010,2321
201910001595,"Network Service Closure","Take In Charge","04/10/2019 10:44:41","04/10/2019 10:44:41",SB63,APPLICANT,HUMAN,0,0,0,"Terminal Host","Client Recess","1 - Client lost",04/10/19,Completed,1,S010,8132589
201910001627,"Network Service Closure","Take In Charge","04/10/2019 11:01:17","04/10/2019 11:01:17",SB74,APPLICANT,HUMAN,0,0,0,"Terminal Host",Inheritance,,,Completed,6,S010,14857
201910001754,"Network Service Closure","Take In Charge","11/10/2019 17:12:26","11/10/2019 17:12:26",UT00130,APPLICANT,HUMAN,0,0,0,"Terminal Host","Client Recess","1 - Client lost",04/10/19,Completed,1,S010,8357
201910001791,"Network Service Closure","Take In Charge","10/10/2019 8:33:57","10/10/2019 8:33:57",UT00282,APPLICANT,HUMAN,0,0,0,"Terminal Host","Client Recess","1 - Client lost",04/10/19,Completed,1,S010,3482
201910001794,"Network Service Closure","Take In Charge","08/10/2019 11:06:08","08/10/2019 11:06:08",SB10,APPLICANT,HUMAN,0,0,0,"Terminal Host","Client Recess","1 - Client lost",04/10/19,Completed,1,S010,8821
201910001832,"Network Service Closure","Take In Charge","08/10/2019 11:40:25","08/10/2019 11:40:25",UT00620,APPLICANT,HUMAN,0,0,0,"Terminal Host","Client Recess","1 - Client lost",28/09/19,Completed,1,S010,20036
201910001964,"Network Service Closure","Take In Charge","11/10/2019 10:37:21","11/10/2019 10:37:21",UT00501,APPLICANT,HUMAN,0,0,0,"Terminal Host","Client Recess","1 - Client lost",27/09/19,Completed,1,S010,5238
201910001973,"Network Service Closure","Take In Charge","05/10/2019 9:47:41","05/10/2019 9:47:41",UT00702,APPLICANT,HUMAN,0,0,0,"Terminal Host","Client Recess","1 - Client lost",05/10/19,Completed,1,S010,3333
201910002151,"Network Service Closure","Take In Charge","05/10/2019 15:17:38","05/10/2019 15:17:38",SB63,APPLICANT,HUMAN,0,0,0,"Terminal Host","Client Recess","1 - Client lost",05/10/19,Completed,1,S010,4911
201910002362,"Network Service Closure","Take In Charge","08/10/2019 10:59:26","08/10/2019 10:59:26",UT00218,APPLICANT,HUMAN,0,0,0,"Terminal Host","Client Recess","1 - Client lost",08/10/19,Completed,1,S010,1810
201910002463,"Network Service Closure","Take In Charge","08/10/2019 10:46:54","08/10/2019 10:46:54",UT00308,APPLICANT,HUMAN,0,0,0,"Terminal Host","Client Recess","1 - Client lost",08/10/19,Completed,1,S010,3744
201910002616,"Network Service Closure","Take In Charge","11/10/2019 8:54:24","11/10/2019 8:54:24",UT00240,APPLICANT,HUMAN,0,0,0,"Terminal Host","Client Recess","1 - Client lost",08/10/19,Completed,1,S010,8196
201910002724,"Network Service Closure","Take In Charge","11/10/2019 12:10:28","11/10/2019 12:10:28",UT00453,APPLICANT,HUMAN,0,0,0,"Terminal Host","Client Recess","1 - Client lost",08/10/19,Completed,1,S010,3542
201910002760,"Network Service Closure","Take In Charge","08/10/2019 13:19:26","08/10/2019 13:19:26",UT00274,APPLICANT,HUMAN,0,0,0,"Terminal Host","Client Recess","1 - Client lost",08/10/19,Completed,1,S010,3333
201910002809,"Network Service Closure","Take In Charge","08/10/2019 16:30:50","08/10/2019 16:30:50",UT00232,APPLICANT,HUMAN,0,0,0,"Terminal Host","Client Recess","1 - Client lost",08/10/19,Completed,1,S010,7083
201910002829,"Network Service Closure","Take In Charge","12/10/2019 9:42:52","12/10/2019 9:42:52",UT00232,APPLICANT,HUMAN,0,0,0,"Terminal Host","Client Recess","1 - Client lost",08/10/19,Completed,1,S010,211429
201910002851,"Network Service Closure","Take In Charge","08/10/2019 16:02:10","08/10/2019 16:02:10",UT00918,APPLICANT,HUMAN,0,0,0,"Terminal Host","Client Recess","1 - Client lost",08/10/19,Completed,1,S010,3732
201910002913,"Network Service Closure","Take In Charge","11/10/2019 10:27:21","11/10/2019 10:27:21",UT00135,APPLICANT,HUMAN,0,0,0,"Terminal Host","Client Recess","1 - Client lost",08/10/19,Completed,1,S010,7429
201910003081,"Network Service Closure","Take In Charge","09/10/2019 17:09:32","09/10/2019 17:09:32",UT00093,APPLICANT,HUMAN,0,0,0,"Terminal Host","Client Recess","1 - Client lost",09/10/19,Completed,1,S010,3333
201910003601,"Network Service Closure","Take In Charge","11/10/2019 9:08:25","11/10/2019 9:08:25",UT00562,APPLICANT,HUMAN,0,0,0,"Terminal Host","Client Recess","1 - Client lost",10/10/19,Completed,1,S010,5429
201910003757,"Network Service Closure","Take In Charge","11/10/2019 8:57:30","11/10/2019 8:57:30",UT00753,APPLICANT,HUMAN,0,0,0,"Terminal Host","Client Recess","1 - Client lost",10/10/19,Completed,1,S010,2321
201910004004,"Network Service Closure","Take In Charge","11/10/2019 9:16:52","11/10/2019 9:16:52",UT00191,APPLICANT,HUMAN,0,0,0,"Terminal Host","Client Recess","1 - Client lost",11/10/19,Completed,1,S010,27726
201910004092,"Network Service Closure","Take In Charge","11/10/2019 10:44:06","11/10/2019 10:44:06",UT00142,APPLICANT,HUMAN,0,0,0,"Terminal Host","Client Recess","1 - Client lost",11/10/19,Completed,1,S010,14063
201910004180,"Network Service Closure","Take In Charge","11/10/2019 11:07:32","11/10/2019 11:07:32",UT00321,APPLICANT,HUMAN,0,0,0,"Terminal Host","Client Recess","1 - Client lost",11/10/19,Completed,1,S010,2786
201910004243,"Network Service Closure","Take In Charge","11/10/2019 11:55:31","11/10/2019 11:55:31",SB91,APPLICANT,HUMAN,0,0,0,"Terminal Host","Bank Recess","1 - Client lost",,Completed,6,S010,1321
20198002523,"Network Service Closure","Closure Service 1","04/10/2019 8:50:39","04/10/2019 8:51:01",UT00573,APPLICANT,HUMAN,1571,2161,982,"Terminal Host","Client Recess","1 - Client lost",03/08/19,Completed,1,S010,1571
20198010446,"Network Service Closure","Closure Service 2","03/10/2019 10:34:47","03/10/2019 10:36:01",UT00015,APPLICANT,HUMAN,7929,6607,2202,"Terminal Host","Client Recess","1 - Client lost",30/08/19,Completed,1,S010,7929
20199003258,"Network Service Closure","Closure Service 3","02/10/2019 11:30:32","02/10/2019 11:30:57",UT00661,APPLICANT,HUMAN,2307,2307,893,"Terminal Host","Client Recess","7 - Keep other relationships. Same dip",24/08/19,Completed,1,S010,2307
20199005209,"Network Service Closure","Closure Service 2","17/09/2019 13:07:17","01/10/2019 13:09:22",UT00214,APPLICANT,HUMAN,115211905,108011161,64806696,"Terminal Host","Client Recess","1 - Client lost",17/09/19,Completed,1,S010,115211905
20199005540,"Network Service Closure","Closure Service 2","12/10/2019 10:15:15","12/10/2019 10:16:21",UT00232,APPLICANT,HUMAN,7268,5893,2161,"Terminal Host","Client Recess","1 - Client lost",18/09/19,Completed,1,S010,7268
20199005648,"Network Service Closure","Closure Service 3","08/10/2019 9:57:11","08/10/2019 9:57:56",UT00131,APPLICANT,HUMAN,5357,4688,1607,"Terminal Host","Client Recess","8 - Keep other relationships. Different dip",25/05/19,Completed,1,S010,5357
20199005772,"Network Service Closure","Closure Service 2","19/09/2019 9:57:25","19/09/2019 10:17:18",UT00253,APPLICANT,HUMAN,113619,106518,46158,"Terminal Host","Client Recess","7 - Keep other relationships. Same dip",18/09/19,Completed,1,S010,113619
20199006003,"Network Service Closure","Closure Service 2","01/10/2019 9:45:48","01/10/2019 9:46:43",UT00351,APPLICANT,HUMAN,6384,6548,2946,"Terminal Host","Client Recess","1 - Client lost",19/09/19,Completed,1,S010,6384
20199006290,"Network Service Closure","Closure Service 3","04/10/2019 15:37:40","04/10/2019 15:39:09",UT00089,APPLICANT,HUMAN,9801,10595,3708,"Terminal Host","Client Recess","1 - Client lost",19/09/19,Completed,1,S010,9801
20199006569,"Network Service Closure","Closure Service 1","09/10/2019 11:57:44","09/10/2019 11:58:14",UT00076,APPLICANT,HUMAN,3125,2946,982,"Terminal Host","Client Recess","1 - Client lost",20/09/19,Completed,1,S010,3125
20199006952,"Network Service Closure","Closure Service 1","20/09/2019 15:32:57","20/09/2019 15:35:28",UT00875,APPLICANT,HUMAN,13482,16179,6292,"Terminal Host",Inheritance,,,Completed,6,S010,13482
20199007226,"Network Service Closure","Closure Service 1","21/09/2019 11:22:00","21/09/2019 11:25:47",UT00144,APPLICANT,HUMAN,21619,25673,6756,"Terminal Host",Inheritance,,,Completed,6,S010,21619
20199007862,"Network Service Closure","Closure Service 3","04/10/2019 16:50:25","08/10/2019 11:00:46",UT00572,APPLICANT,HUMAN,36713089,33814688,10627473,"Terminal Host","Client Recess","1 - Client lost",21/09/19,Completed,1,S010,36713089
20199008462,"Network Service Closure","Closure Service 1","04/10/2019 9:42:58","04/10/2019 9:45:50",UT00870,APPLICANT,HUMAN,20476,18940,6655,"Terminal Host","Client Recess","1 - Client lost",25/09/19,Completed,1,S010,20476
20199008569,"Network Service Closure","Closure Service 1","04/10/2019 17:44:24","04/10/2019 17:59:32",UT00545,APPLICANT,HUMAN,86476,108095,35131,"Terminal Host","Client Recess","1 - Client lost",25/09/19,Completed,1,S010,86476
20199008586,"Network Service Closure","Closure Service 3","02/10/2019 8:40:27","02/10/2019 16:42:32",UT00745,APPLICANT,HUMAN,3443452,3013021,946949,"Terminal Host","Client Recess","1 - Client lost",25/09/19,Completed,1,S010,3443452
20199008612,"Network Service Closure","Closure Service 3","03/10/2019 16:29:15","03/10/2019 16:29:48",UT00443,APPLICANT,HUMAN,3830,3634,982,"Terminal Host","Client Recess","1 - Client lost",26/09/19,Completed,1,S010,3830
20199008816,"Network Service Closure","Closure Service 2","12/10/2019 9:09:55","12/10/2019 9:35:24",UT00092,APPLICANT,HUMAN,150170,150170,68259,"Terminal Host","Client Recess","1 - Client lost",03/09/19,Completed,1,S010,150170
20199008884,"Network Service Closure","Closure Service 1","04/10/2019 17:03:01","04/10/2019 17:04:50",UT00118,APPLICANT,HUMAN,10057,11354,4217,"Terminal Host","Client Recess","1 - Client lost",26/09/19,Completed,1,S010,10057
20199009651,"Network Service Closure","Closure Service 2","12/10/2019 8:39:25","12/10/2019 8:40:07",UT00574,APPLICANT,HUMAN,4125,4250,1625,"Terminal Host","Client Recess","1 - Client lost",28/09/19,Completed,1,S010,4125
20199009910,"Network Service Closure","Closure Service 3","05/10/2019 15:07:37","05/10/2019 15:08:20",UT00000,APPLICANT,HUMAN,4351,4735,1664,"Terminal Host","Client Recess","1 - Client lost",28/09/19,Completed,1,S010,4351
20199009943,"Network Service Closure","Closure Service 2","05/10/2019 8:52:07","05/10/2019 8:52:36",UT00208,APPLICANT,HUMAN,3366,2935,1208,"Terminal Host","Client Recess","1 - Client lost",25/07/19,Completed,1,S010,3366
20199009969,"Network Service Closure","Closure Service 2","01/10/2019 12:57:27","01/10/2019 12:59:00",UT00272,APPLICANT,HUMAN,9411,10241,4152,"Terminal Host","Client Recess","1 - Client lost",28/09/19,Completed,1,S010,9411
20199009975,"Network Service Closure","Closure Service 2","03/10/2019 16:51:10","03/10/2019 16:51:45",UT00283,APPLICANT,HUMAN,4167,3125,1563,"Terminal Host","Client Recess","1 - Client lost",08/08/19,Completed,1,S010,4167
201910000226,"Network Service Closure","Closure Service 1","02/10/2019 9:27:46","02/10/2019 9:29:13",UT00481,APPLICANT,HUMAN,10098,9839,2589,"Terminal Host","Client Recess","1 - Client lost",01/10/19,Completed,1,S010,10098
201910000390,"Network Service Closure","Closure Service 2","03/10/2019 15:32:39","03/10/2019 15:33:32",UT00533,APPLICANT,HUMAN,4890,6310,2051,"Terminal Host","Client Recess","1 - Client lost",03/10/19,Completed,1,S010,4890
201910000420,"Network Service Closure","Closure Service 3","01/10/2019 17:26:45","01/10/2019 17:27:17",UT00753,APPLICANT,HUMAN,3524,3333,952,"Terminal Host","Client Recess","1 - Client lost",01/10/19,Completed,1,S010,3524
201910000423,"Network Service Closure","Closure Service 2","01/10/2019 17:20:50","01/10/2019 17:21:30",UT00753,APPLICANT,HUMAN,4762,3810,1905,"Terminal Host","Client Recess","1 - Client lost",01/10/19,Completed,1,S010,4762
201910000430,"Network Service Closure","Closure Service 1","01/10/2019 17:22:50","01/10/2019 17:25:04",UT00753,APPLICANT,HUMAN,15554,12363,5185,"Terminal Host","Client Recess","1 - Client lost",01/10/19,Completed,1,S010,15554
201910000437,"Network Service Closure","Closure Service 3","02/10/2019 12:48:46","02/10/2019 12:50:53",UT00191,APPLICANT,HUMAN,13229,11717,3780,"Terminal Host","Client Recess","1 - Client lost",01/10/19,Completed,1,S010,13229
201910000440,"Network Service Closure","Closure Service 3","01/10/2019 17:16:22","11/10/2019 17:28:48",UT00762,APPLICANT,HUMAN,87504060,100372304,48899327,"Terminal Host","Client Recess","1 - Client lost",26/09/19,Completed,1,S010,87504060
201910000441,"Network Service Closure","Closure Service 2","01/10/2019 17:29:38","01/10/2019 17:31:09",UT00753,APPLICANT,HUMAN,8938,10833,4875,"Terminal Host","Client Recess","1 - Client lost",01/10/19,Completed,1,S010,8938
201910000678,"Network Service Closure","Closure Service 3","02/10/2019 13:23:36","02/10/2019 13:26:01",UT00581,APPLICANT,HUMAN,15104,14241,4315,"Terminal Host","Client Recess","1 - Client lost",26/09/19,Completed,1,S010,15104
201910000737,"Network Service Closure","Closure Service 3","02/10/2019 13:02:36","02/10/2019 13:03:51",UT00695,APPLICANT,HUMAN,7813,7813,3795,"Terminal Host","Client Recess","1 - Client lost",02/10/19,Completed,1,S010,7813
201910000770,"Network Service Closure","Closure Service 1","02/10/2019 13:18:59","02/10/2019 13:24:52",UT00702,APPLICANT,HUMAN,35720,33619,13658,"Terminal Host",Inheritance,,,Completed,6,S010,35720
201910000864,"Network Service Closure","Closure Service 1","10/10/2019 12:31:52","10/10/2019 12:32:50",UT00466,APPLICANT,HUMAN,6042,5351,2071,"Terminal Host","Client Recess","1 - Client lost",01/10/19,Completed,1,S010,6042
201910000925,"Network Service Closure","Closure Service 3","03/10/2019 16:21:04","03/10/2019 16:21:44",SB01,APPLICANT,HUMAN,4405,4048,2143,"Terminal Host","Client Recess","1 - Client lost",12/09/19,Completed,1,S010,4405
201910001008,"Network Service Closure","Closure Service 1","03/10/2019 10:57:19","03/10/2019 11:11:51",UT00190,APPLICANT,HUMAN,103810,93429,28548,"Terminal Host","Client Recess","1 - Client lost",20/09/19,Completed,1,S010,103810
201910001021,"Network Service Closure","Closure Service 1","03/10/2019 9:42:48","03/10/2019 9:54:48",UT00708,APPLICANT,HUMAN,77143,66429,23571,"Terminal Host","Client Recess","1 - Client lost",01/08/19,Completed,1,S010,77143
201910001352,"Network Service Closure","Closure Service 1","03/10/2019 15:39:55","03/10/2019 15:41:20",UT00226,APPLICANT,HUMAN,7842,9360,3036,"Terminal Host","Client Recess","1 - Client lost",03/10/19,Completed,1,S010,7842
201910001360,"Network Service Closure","Closure Service 2","03/10/2019 15:42:12","03/10/2019 15:42:46",UT00226,APPLICANT,HUMAN,3440,3137,1923,"Terminal Host","Client Recess","1 - Client lost",03/10/19,Completed,1,S010,3440
201910001409,"Network Service Closure","Closure Service 2","04/10/2019 10:39:12","04/10/2019 10:39:56",UT00193,APPLICANT,HUMAN,4583,3929,2095,"Terminal Host","Client Recess","1 - Client lost",03/10/19,Completed,1,S010,4583
201910001423,"Network Service Closure","Closure Service 3","04/10/2019 8:38:28","04/10/2019 8:39:30",SB79,APPLICANT,HUMAN,5720,7012,1845,"Terminal Host","Client Recess","1 - Client lost",02/10/19,Completed,1,S010,5720
201910001429,"Network Service Closure","Closure Service 3","04/10/2019 11:48:48","04/10/2019 11:51:48",UT00392,APPLICANT,HUMAN,18214,17143,5893,"Terminal Host","Client Recess","1 - Client lost",03/10/19,Completed,1,S010,18214
201910001444,"Network Service Closure","Closure Service 1","04/10/2019 9:29:02","04/10/2019 9:30:21",UT00477,APPLICANT,HUMAN,7289,7759,4232,"Terminal Host","Client Recess","1 - Client lost",03/10/19,Completed,1,S010,7289
201910001462,"Network Service Closure","Closure Service 3","10/10/2019 8:31:48","10/10/2019 8:32:16",UT00563,APPLICANT,HUMAN,2917,2500,1417,"Terminal Host","Client Recess","1 - Client lost",04/10/19,Completed,1,S010,2917
201910001484,"Network Service Closure","Closure Service 3","04/10/2019 9:08:40","04/10/2019 9:08:54",SB31,APPLICANT,HUMAN,1417,1417,625,"Terminal Host","Bank Recess","1 - Client lost",,Completed,6,S010,1417
201910001527,"Network Service Closure","Closure Service 1","04/10/2019 10:13:57","04/10/2019 10:14:23",UT00224,APPLICANT,HUMAN,2321,2554,1161,"Terminal Host","Client Recess","1 - Client lost",04/10/19,Completed,1,S010,2321
201910001595,"Network Service Closure","Closure Service 1","04/10/2019 10:44:41","05/10/2019 12:02:46",SB63,APPLICANT,HUMAN,8132589,8674762,4608467,"Terminal Host","Client Recess","1 - Client lost",04/10/19,Completed,1,S010,8132589
201910001627,"Network Service Closure","Closure Service 2","04/10/2019 11:01:17","04/10/2019 11:03:53",SB74,APPLICANT,HUMAN,14857,17179,8357,"Terminal Host",Inheritance,,,Completed,6,S010,14857
201910001754,"Network Service Closure","Closure Service 2","11/10/2019 17:12:26","11/10/2019 17:13:38",UT00130,APPLICANT,HUMAN,8357,7286,3643,"Terminal Host","Client Recess","1 - Client lost",04/10/19,Completed,1,S010,8357
201910001791,"Network Service Closure","Closure Service 1","10/10/2019 8:33:57","10/10/2019 8:34:36",UT00282,APPLICANT,HUMAN,3482,3598,1625,"Terminal Host","Client Recess","1 - Client lost",04/10/19,Completed,1,S010,3482
201910001794,"Network Service Closure","Closure Service 3","08/10/2019 11:06:08","08/10/2019 11:07:26",SB10,APPLICANT,HUMAN,8821,7429,2321,"Terminal Host","Client Recess","1 - Client lost",04/10/19,Completed,1,S010,8821
201910001832,"Network Service Closure","Closure Service 3","08/10/2019 11:40:25","08/10/2019 11:43:43",UT00620,APPLICANT,HUMAN,20036,18857,7071,"Terminal Host","Client Recess","1 - Client lost",28/09/19,Completed,1,S010,20036
201910001964,"Network Service Closure","Closure Service 1","11/10/2019 10:37:21","11/10/2019 10:38:16",UT00501,APPLICANT,HUMAN,5238,6548,1964,"Terminal Host","Client Recess","1 - Client lost",27/09/19,Completed,1,S010,5238
201910001973,"Network Service Closure","Closure Service 3","05/10/2019 9:47:41","05/10/2019 9:48:16",UT00702,APPLICANT,HUMAN,3333,4167,1979,"Terminal Host","Client Recess","1 - Client lost",05/10/19,Completed,1,S010,3333
201910002151,"Network Service Closure","Closure Service 1","05/10/2019 15:17:38","05/10/2019 15:18:28",SB63,APPLICANT,HUMAN,4911,5357,1935,"Terminal Host","Client Recess","1 - Client lost",05/10/19,Completed,1,S010,4911
201910002362,"Network Service Closure","Closure Service 3","08/10/2019 10:59:26","08/10/2019 10:59:45",UT00218,APPLICANT,HUMAN,1810,1866,735,"Terminal Host","Client Recess","1 - Client lost",08/10/19,Completed,1,S010,1810
201910002463,"Network Service Closure","Closure Service 1","08/10/2019 10:46:54","08/10/2019 10:47:28",UT00308,APPLICANT,HUMAN,3744,3744,1012,"Terminal Host","Client Recess","1 - Client lost",08/10/19,Completed,1,S010,3744
201910002616,"Network Service Closure","Closure Service 3","11/10/2019 8:54:24","11/10/2019 8:55:45",UT00240,APPLICANT,HUMAN,8196,7473,2893,"Terminal Host","Client Recess","1 - Client lost",08/10/19,Completed,1,S010,8196
201910002724,"Network Service Closure","Closure Service 2","11/10/2019 12:10:28","11/10/2019 12:11:02",UT00453,APPLICANT,HUMAN,3542,3946,1720,"Terminal Host","Client Recess","1 - Client lost",08/10/19,Completed,1,S010,3542
201910002760,"Network Service Closure","Closure Service 1","08/10/2019 13:19:26","08/10/2019 13:19:54",UT00274,APPLICANT,HUMAN,3333,2500,1500,"Terminal Host","Client Recess","1 - Client lost",08/10/19,Completed,1,S010,3333
201910002809,"Network Service Closure","Closure Service 2","08/10/2019 16:30:50","08/10/2019 16:32:00",UT00232,APPLICANT,HUMAN,7083,7292,3125,"Terminal Host","Client Recess","1 - Client lost",08/10/19,Completed,1,S010,7083
201910002829,"Network Service Closure","Closure Service 2","12/10/2019 9:42:52","12/10/2019 10:12:28",UT00232,APPLICANT,HUMAN,211429,179714,68714,"Terminal Host","Client Recess","1 - Client lost",08/10/19,Completed,1,S010,211429
201910002851,"Network Service Closure","Closure Service 3","08/10/2019 16:02:10","08/10/2019 16:02:43",UT00918,APPLICANT,HUMAN,3732,3536,1866,"Terminal Host","Client Recess","1 - Client lost",08/10/19,Completed,1,S010,3732
201910002913,"Network Service Closure","Closure Service 1","11/10/2019 10:27:21","11/10/2019 10:28:39",UT00135,APPLICANT,HUMAN,7429,8125,4179,"Terminal Host","Client Recess","1 - Client lost",08/10/19,Completed,1,S010,7429
201910003081,"Network Service Closure","Closure Service 2","09/10/2019 17:09:32","09/10/2019 17:10:00",UT00093,APPLICANT,HUMAN,3333,2667,1417,"Terminal Host","Client Recess","1 - Client lost",09/10/19,Completed,1,S010,3333
201910003601,"Network Service Closure","Closure Service 3","11/10/2019 9:08:25","11/10/2019 9:09:13",UT00562,APPLICANT,HUMAN,5429,5429,2286,"Terminal Host","Client Recess","1 - Client lost",10/10/19,Completed,1,S010,5429
201910003757,"Network Service Closure","Closure Service 3","11/10/2019 8:57:30","11/10/2019 8:57:56",UT00753,APPLICANT,HUMAN,2321,2940,1315,"Terminal Host","Client Recess","1 - Client lost",10/10/19,Completed,1,S010,2321
201910004004,"Network Service Closure","Closure Service 2","11/10/2019 9:16:52","11/10/2019 9:21:26",UT00191,APPLICANT,HUMAN,27726,30173,16310,"Terminal Host","Client Recess","1 - Client lost",11/10/19,Completed,1,S010,27726
201910004092,"Network Service Closure","Closure Service 1","11/10/2019 10:44:06","11/10/2019 10:46:21",UT00142,APPLICANT,HUMAN,14063,13661,7634,"Terminal Host","Client Recess","1 - Client lost",11/10/19,Completed,1,S010,14063
201910004180,"Network Service Closure","Closure Service 3","11/10/2019 11:07:32","11/10/2019 11:07:58",UT00321,APPLICANT,HUMAN,2786,2399,851,"Terminal Host","Client Recess","1 - Client lost",11/10/19,Completed,1,S010,2786
201910004243,"Network Service Closure","Closure Service 3","11/10/2019 11:55:31","11/10/2019 11:55:43",SB91,APPLICANT,HUMAN,1321,1214,357,"Terminal Host","Bank Recess","1 - Client lost",,Completed,6,S010,1321
20198002523,"Network Service Closure","Closure Completed","04/10/2019 8:51:01","04/10/2019 8:51:01",UT00573,APPLICANT,HUMAN,0,0,0,"Terminal Host","Client Recess","1 - Client lost",03/08/19,Completed,1,S010,1571
20198010446,"Network Service Closure","Closure Completed","03/10/2019 10:36:01","03/10/2019 10:36:01",UT00015,APPLICANT,HUMAN,0,0,0,"Terminal Host","Client Recess","1 - Client lost",30/08/19,Completed,1,S010,7929
20199003258,"Network Service Closure","Closure Completed","02/10/2019 11:30:57","02/10/2019 11:30:57",UT00661,APPLICANT,HUMAN,0,0,0,"Terminal Host","Client Recess","7 - Keep other relationships. Same dip",24/08/19,Completed,1,S010,2307
20199005209,"Network Service Closure","Closure Completed","01/10/2019 13:09:22","01/10/2019 13:09:22",UT00214,APPLICANT,HUMAN,0,0,0,"Terminal Host","Client Recess","1 - Client lost",17/09/19,Completed,1,S010,115211905
20199005540,"Network Service Closure","Closure Completed","12/10/2019 10:16:21","12/10/2019 10:16:21",UT00232,APPLICANT,HUMAN,0,0,0,"Terminal Host","Client Recess","1 - Client lost",18/09/19,Completed,1,S010,7268
20199005648,"Network Service Closure","Closure Completed","08/10/2019 9:57:56","08/10/2019 9:57:56",UT00131,APPLICANT,HUMAN,0,0,0,"Terminal Host","Client Recess","8 - Keep other relationships. Different dip",25/05/19,Completed,1,S010,5357
20199005772,"Network Service Closure","Closure Completed","19/09/2019 10:17:18","19/09/2019 10:17:18",UT00253,APPLICANT,HUMAN,0,0,0,"Terminal Host","Client Recess","7 - Keep other relationships. Same dip",18/09/19,Completed,1,S010,113619
20199006003,"Network Service Closure","Closure Completed","01/10/2019 9:46:43","01/10/2019 9:46:43",UT00351,APPLICANT,HUMAN,0,0,0,"Terminal Host","Client Recess","1 - Client lost",19/09/19,Completed,1,S010,6384
20199006290,"Network Service Closure","Closure Completed","04/10/2019 15:39:09","04/10/2019 15:39:09",UT00089,APPLICANT,HUMAN,0,0,0,"Terminal Host","Client Recess","1 - Client lost",19/09/19,Completed,1,S010,9801
20199006569,"Network Service Closure","Closure Completed","09/10/2019 11:58:14","09/10/2019 11:58:14",UT00076,APPLICANT,HUMAN,0,0,0,"Terminal Host","Client Recess","1 - Client lost",20/09/19,Completed,1,S010,3125
20199006952,"Network Service Closure","Closure Completed","20/09/2019 15:35:28","20/09/2019 15:35:28",UT00875,APPLICANT,HUMAN,0,0,0,"Terminal Host",Inheritance,,,Completed,6,S010,13482
20199007226,"Network Service Closure","Closure Completed","21/09/2019 11:25:47","21/09/2019 11:25:47",UT00144,APPLICANT,HUMAN,0,0,0,"Terminal Host",Inheritance,,,Completed,6,S010,21619
20199007862,"Network Service Closure","Closure Completed","08/10/2019 11:00:46","08/10/2019 11:00:46",UT00572,APPLICANT,HUMAN,0,0,0,"Terminal Host","Client Recess","1 - Client lost",21/09/19,Completed,1,S010,36713089
20199008462,"Network Service Closure","Closure Completed","04/10/2019 9:45:50","04/10/2019 9:45:50",UT00870,APPLICANT,HUMAN,0,0,0,"Terminal Host","Client Recess","1 - Client lost",25/09/19,Completed,1,S010,20476
20199008569,"Network Service Closure","Closure Completed","04/10/2019 17:59:32","04/10/2019 17:59:32",UT00545,APPLICANT,HUMAN,0,0,0,"Terminal Host","Client Recess","1 - Client lost",25/09/19,Completed,1,S010,86476
20199008586,"Network Service Closure","Closure Completed","02/10/2019 16:42:32","02/10/2019 16:42:32",UT00745,APPLICANT,HUMAN,0,0,0,"Terminal Host","Client Recess","1 - Client lost",25/09/19,Completed,1,S010,3443452
20199008612,"Network Service Closure","Closure Completed","03/10/2019 16:29:48","03/10/2019 16:29:48",UT00443,APPLICANT,HUMAN,0,0,0,"Terminal Host","Client Recess","1 - Client lost",26/09/19,Completed,1,S010,3830
20199008816,"Network Service Closure","Closure Completed","12/10/2019 9:35:24","12/10/2019 9:35:24",UT00092,APPLICANT,HUMAN,0,0,0,"Terminal Host","Client Recess","1 - Client lost",03/09/19,Completed,1,S010,150170
20199008884,"Network Service Closure","Closure Completed","04/10/2019 17:04:50","04/10/2019 17:04:50",UT00118,APPLICANT,HUMAN,0,0,0,"Terminal Host","Client Recess","1 - Client lost",26/09/19,Completed,1,S010,10057
20199009651,"Network Service Closure","Closure Completed","12/10/2019 8:40:07","12/10/2019 8:40:07",UT00574,APPLICANT,HUMAN,0,0,0,"Terminal Host","Client Recess","1 - Client lost",28/09/19,Completed,1,S010,4125
20199009910,"Network Service Closure","Closure Completed","05/10/2019 15:08:20","05/10/2019 15:08:20",UT00000,APPLICANT,HUMAN,0,0,0,"Terminal Host","Client Recess","1 - Client lost",28/09/19,Completed,1,S010,4351
20199009943,"Network Service Closure","Closure Completed","05/10/2019 8:52:36","05/10/2019 8:52:36",UT00208,APPLICANT,HUMAN,0,0,0,"Terminal Host","Client Recess","1 - Client lost",25/07/19,Completed,1,S010,3366
20199009969,"Network Service Closure","Closure Completed","01/10/2019 12:59:00","01/10/2019 12:59:00",UT00272,APPLICANT,HUMAN,0,0,0,"Terminal Host","Client Recess","1 - Client lost",28/09/19,Completed,1,S010,9411
20199009975,"Network Service Closure","Closure Completed","03/10/2019 16:51:45","03/10/2019 16:51:45",UT00283,APPLICANT,HUMAN,0,0,0,"Terminal Host","Client Recess","1 - Client lost",08/08/19,Completed,1,S010,4167
201910000226,"Network Service Closure","Closure Completed","02/10/2019 9:29:13","02/10/2019 9:29:13",UT00481,APPLICANT,HUMAN,0,0,0,"Terminal Host","Client Recess","1 - Client lost",01/10/19,Completed,1,S010,10098
201910000390,"Network Service Closure","Closure Completed","03/10/2019 15:33:32","03/10/2019 15:33:32",UT00533,APPLICANT,HUMAN,0,0,0,"Terminal Host","Client Recess","1 - Client lost",03/10/19,Completed,1,S010,4890
201910000420,"Network Service Closure","Closure Completed","01/10/2019 17:27:17","01/10/2019 17:27:17",UT00753,APPLICANT,HUMAN,0,0,0,"Terminal Host","Client Recess","1 - Client lost",01/10/19,Completed,1,S010,3524
201910000423,"Network Service Closure","Closure Completed","01/10/2019 17:21:30","01/10/2019 17:21:30",UT00753,APPLICANT,HUMAN,0,0,0,"Terminal Host","Client Recess","1 - Client lost",01/10/19,Completed,1,S010,4762
201910000430,"Network Service Closure","Closure Completed","01/10/2019 17:25:04","01/10/2019 17:25:04",UT00753,APPLICANT,HUMAN,0,0,0,"Terminal Host","Client Recess","1 - Client lost",01/10/19,Completed,1,S010,15554
201910000437,"Network Service Closure","Closure Completed","02/10/2019 12:50:53","02/10/2019 12:50:53",UT00191,APPLICANT,HUMAN,0,0,0,"Terminal Host","Client Recess","1 - Client lost",01/10/19,Completed,1,S010,13229
201910000440,"Network Service Closure","Closure Completed","11/10/2019 17:28:48","11/10/2019 17:28:48",UT00762,APPLICANT,HUMAN,0,0,0,"Terminal Host","Client Recess","1 - Client lost",26/09/19,Completed,1,S010,87504060
201910000441,"Network Service Closure","Closure Completed","01/10/2019 17:31:09","01/10/2019 17:31:09",UT00753,APPLICANT,HUMAN,0,0,0,"Terminal Host","Client Recess","1 - Client lost",01/10/19,Completed,1,S010,8938
201910000678,"Network Service Closure","Closure Completed","02/10/2019 13:26:01","02/10/2019 13:26:01",UT00581,APPLICANT,HUMAN,0,0,0,"Terminal Host","Client Recess","1 - Client lost",26/09/19,Completed,1,S010,15104
201910000737,"Network Service Closure","Closure Completed","02/10/2019 13:03:51","02/10/2019 13:03:51",UT00695,APPLICANT,HUMAN,0,0,0,"Terminal Host","Client Recess","1 - Client lost",02/10/19,Completed,1,S010,7813
201910000770,"Network Service Closure","Closure Completed","02/10/2019 13:24:52","02/10/2019 13:24:52",UT00702,APPLICANT,HUMAN,0,0,0,"Terminal Host",Inheritance,,,Completed,6,S010,35720
201910000864,"Network Service Closure","Closure Completed","10/10/2019 12:32:50","10/10/2019 12:32:50",UT00466,APPLICANT,HUMAN,0,0,0,"Terminal Host","Client Recess","1 - Client lost",01/10/19,Completed,1,S010,6042
201910000925,"Network Service Closure","Closure Completed","03/10/2019 16:21:44","03/10/2019 16:21:44",SB01,APPLICANT,HUMAN,0,0,0,"Terminal Host","Client Recess","1 - Client lost",12/09/19,Completed,1,S010,4405
201910001008,"Network Service Closure","Closure Completed","03/10/2019 11:11:51","03/10/2019 11:11:51",UT00190,APPLICANT,HUMAN,0,0,0,"Terminal Host","Client Recess","1 - Client lost",20/09/19,Completed,1,S010,103810
201910001021,"Network Service Closure","Closure Completed","03/10/2019 9:54:48","03/10/2019 9:54:48",UT00708,APPLICANT,HUMAN,0,0,0,"Terminal Host","Client Recess","1 - Client lost",01/08/19,Completed,1,S010,77143
201910001352,"Network Service Closure","Closure Completed","03/10/2019 15:41:20","03/10/2019 15:41:20",UT00226,APPLICANT,HUMAN,0,0,0,"Terminal Host","Client Recess","1 - Client lost",03/10/19,Completed,1,S010,7842
201910001360,"Network Service Closure","Closure Completed","03/10/2019 15:42:46","03/10/2019 15:42:46",UT00226,APPLICANT,HUMAN,0,0,0,"Terminal Host","Client Recess","1 - Client lost",03/10/19,Completed,1,S010,3440
201910001409,"Network Service Closure","Closure Completed","04/10/2019 10:39:56","04/10/2019 10:39:56",UT00193,APPLICANT,HUMAN,0,0,0,"Terminal Host","Client Recess","1 - Client lost",03/10/19,Completed,1,S010,4583
201910001423,"Network Service Closure","Closure Completed","04/10/2019 8:39:30","04/10/2019 8:39:30",SB79,APPLICANT,HUMAN,0,0,0,"Terminal Host","Client Recess","1 - Client lost",02/10/19,Completed,1,S010,5720
201910001429,"Network Service Closure","Closure Completed","04/10/2019 11:51:48","04/10/2019 11:51:48",UT00392,APPLICANT,HUMAN,0,0,0,"Terminal Host","Client Recess","1 - Client lost",03/10/19,Completed,1,S010,18214
201910001444,"Network Service Closure","Closure Completed","04/10/2019 9:30:21","04/10/2019 9:30:21",UT00477,APPLICANT,HUMAN,0,0,0,"Terminal Host","Client Recess","1 - Client lost",03/10/19,Completed,1,S010,7289
201910001462,"Network Service Closure","Closure Completed","10/10/2019 8:32:16","10/10/2019 8:32:16",UT00563,APPLICANT,HUMAN,0,0,0,"Terminal Host","Client Recess","1 - Client lost",04/10/19,Completed,1,S010,2917
201910001484,"Network Service Closure","Closure Completed","04/10/2019 9:08:54","04/10/2019 9:08:54",SB31,APPLICANT,HUMAN,0,0,0,"Terminal Host","Bank Recess","1 - Client lost",,Completed,6,S010,1417
201910001527,"Network Service Closure","Closure Completed","04/10/2019 10:14:23","04/10/2019 10:14:23",UT00224,APPLICANT,HUMAN,0,0,0,"Terminal Host","Client Recess","1 - Client lost",04/10/19,Completed,1,S010,2321
201910001595,"Network Service Closure","Closure Completed","05/10/2019 12:02:46","05/10/2019 12:02:46",SB63,APPLICANT,HUMAN,0,0,0,"Terminal Host","Client Recess","1 - Client lost",04/10/19,Completed,1,S010,8132589
201910001627,"Network Service Closure","Closure Completed","04/10/2019 11:03:53","04/10/2019 11:03:53",SB74,APPLICANT,HUMAN,0,0,0,"Terminal Host",Inheritance,,,Completed,6,S010,14857
201910001754,"Network Service Closure","Closure Completed","11/10/2019 17:13:38","11/10/2019 17:13:38",UT00130,APPLICANT,HUMAN,0,0,0,"Terminal Host","Client Recess","1 - Client lost",04/10/19,Completed,1,S010,8357
201910001791,"Network Service Closure","Closure Completed","10/10/2019 8:34:36","10/10/2019 8:34:36",UT00282,APPLICANT,HUMAN,0,0,0,"Terminal Host","Client Recess","1 - Client lost",04/10/19,Completed,1,S010,3482
201910001794,"Network Service Closure","Closure Completed","08/10/2019 11:07:26","08/10/2019 11:07:26",SB10,APPLICANT,HUMAN,0,0,0,"Terminal Host","Client Recess","1 - Client lost",04/10/19,Completed,1,S010,8821
201910001832,"Network Service Closure","Closure Completed","08/10/2019 11:43:43","08/10/2019 11:43:43",UT00620,APPLICANT,HUMAN,0,0,0,"Terminal Host","Client Recess","1 - Client lost",28/09/19,Completed,1,S010,20036
201910001964,"Network Service Closure","Closure Completed","11/10/2019 10:38:16","11/10/2019 10:38:16",UT00501,APPLICANT,HUMAN,0,0,0,"Terminal Host","Client Recess","1 - Client lost",27/09/19,Completed,1,S010,5238
201910001973,"Network Service Closure","Closure Completed","05/10/2019 9:48:16","05/10/2019 9:48:16",UT00702,APPLICANT,HUMAN,0,0,0,"Terminal Host","Client Recess","1 - Client lost",05/10/19,Completed,1,S010,3333
201910002151,"Network Service Closure","Closure Completed","05/10/2019 15:18:28","05/10/2019 15:18:28",SB63,APPLICANT,HUMAN,0,0,0,"Terminal Host","Client Recess","1 - Client lost",05/10/19,Completed,1,S010,4911
201910002362,"Network Service Closure","Closure Completed","08/10/2019 10:59:45","08/10/2019 10:59:45",UT00218,APPLICANT,HUMAN,0,0,0,"Terminal Host","Client Recess","1 - Client lost",08/10/19,Completed,1,S010,1810
201910002463,"Network Service Closure","Closure Completed","08/10/2019 10:47:28","08/10/2019 10:47:28",UT00308,APPLICANT,HUMAN,0,0,0,"Terminal Host","Client Recess","1 - Client lost",08/10/19,Completed,1,S010,3744
201910002616,"Network Service Closure","Closure Completed","11/10/2019 8:55:45","11/10/2019 8:55:45",UT00240,APPLICANT,HUMAN,0,0,0,"Terminal Host","Client Recess","1 - Client lost",08/10/19,Completed,1,S010,8196
201910002724,"Network Service Closure","Closure Completed","11/10/2019 12:11:02","11/10/2019 12:11:02",UT00453,APPLICANT,HUMAN,0,0,0,"Terminal Host","Client Recess","1 - Client lost",08/10/19,Completed,1,S010,3542
201910002760,"Network Service Closure","Closure Completed","08/10/2019 13:19:54","08/10/2019 13:19:54",UT00274,APPLICANT,HUMAN,0,0,0,"Terminal Host","Client Recess","1 - Client lost",08/10/19,Completed,1,S010,3333
201910002809,"Network Service Closure","Closure Completed","08/10/2019 16:32:00","08/10/2019 16:32:00",UT00232,APPLICANT,HUMAN,0,0,0,"Terminal Host","Client Recess","1 - Client lost",08/10/19,Completed,1,S010,7083
201910002829,"Network Service Closure","Closure Completed","12/10/2019 10:12:28","12/10/2019 10:12:28",UT00232,APPLICANT,HUMAN,0,0,0,"Terminal Host","Client Recess","1 - Client lost",08/10/19,Completed,1,S010,211429
201910002851,"Network Service Closure","Closure Completed","08/10/2019 16:02:43","08/10/2019 16:02:43",UT00918,APPLICANT,HUMAN,0,0,0,"Terminal Host","Client Recess","1 - Client lost",08/10/19,Completed,1,S010,3732
201910002913,"Network Service Closure","Closure Completed","11/10/2019 10:28:39","11/10/2019 10:28:39",UT00135,APPLICANT,HUMAN,0,0,0,"Terminal Host","Client Recess","1 - Client lost",08/10/19,Completed,1,S010,7429
201910003081,"Network Service Closure","Closure Completed","09/10/2019 17:10:00","09/10/2019 17:10:00",UT00093,APPLICANT,HUMAN,0,0,0,"Terminal Host","Client Recess","1 - Client lost",09/10/19,Completed,1,S010,3333
201910003601,"Network Service Closure","Closure Completed","11/10/2019 9:09:13","11/10/2019 9:09:13",UT00562,APPLICANT,HUMAN,0,0,0,"Terminal Host","Client Recess","1 - Client lost",10/10/19,Completed,1,S010,5429
201910003757,"Network Service Closure","Closure Completed","11/10/2019 8:57:56","11/10/2019 8:57:56",UT00753,APPLICANT,HUMAN,0,0,0,"Terminal Host","Client Recess","1 - Client lost",10/10/19,Completed,1,S010,2321
201910004004,"Network Service Closure","Closure Completed","11/10/2019 9:21:26","11/10/2019 9:21:26",UT00191,APPLICANT,HUMAN,0,0,0,"Terminal Host","Client Recess","1 - Client lost",11/10/19,Completed,1,S010,27726
201910004092,"Network Service Closure","Closure Completed","11/10/2019 10:46:21","11/10/2019 10:46:21",UT00142,APPLICANT,HUMAN,0,0,0,"Terminal Host","Client Recess","1 - Client lost",11/10/19,Completed,1,S010,14063
201910004180,"Network Service Closure","Closure Completed","11/10/2019 11:07:58","11/10/2019 11:07:58",UT00321,APPLICANT,HUMAN,0,0,0,"Terminal Host","Client Recess","1 - Client lost",11/10/19,Completed,1,S010,2786
201910004243,"Network Service Closure","Closure Completed","11/10/2019 11:55:43","11/10/2019 11:55:43",SB91,APPLICANT,HUMAN,0,0,0,"Terminal Host","Bank Recess","1 - Client lost",,Completed,6,S010,1321
