Process_id,Business_Activity,Activity,Start_Time,End_Time,User,Role,Type,PRODUCTIVE,OTHERACTIVITIES,IDLE,Application,CLOSURE_TYPE,CLOSURE_REASON,LETTER_RECEIVED_DATE,WORKING_STATE,INSTITUTE_NR,CE_STATE,CASEPRODUCTIVE
20198002523,"Network Service Closure","Take In Charge","04/10/2019 8:50:39","04/10/2019 8:50:39",UT00573,APPLICANT,HUMAN,0,0,0,"Terminal Host","Client Recess","1 - Client lost",03/08/19,Completed,1,S010,13094654
20198010446,"Network Service Closure","Take In Charge","03/10/2019 10:34:47","03/10/2019 10:34:47",UT00015,APPLICANT,HUMAN,0,0,0,"Terminal Host","Client Recess","1 - Client lost",30/08/19,Completed,1,S010,16357730
20199003258,"Network Service Closure","Take In Charge","02/10/2019 11:30:32","02/10/2019 11:30:32",UT00661,APPLICANT,HUMAN,0,0,0,"Terminal Host","Client Recess","7 - Keep other relationships. Same dip",24/08/19,Completed,1,S010,4413170
20199005209,"Network Service Closure","Take In Charge","17/09/2019 13:07:17","17/09/2019 13:07:17",UT00214,APPLICANT,HUMAN,0,0,0,"Terminal Host","Client Recess","1 - Client lost",17/09/19,Completed,1,S010,121888512
20199005540,"Network Service Closure","Take In Charge","12/10/2019 10:15:15","12/10/2019 10:15:15",UT00232,APPLICANT,HUMAN,0,0,0,"Terminal Host","Client Recess","1 - Client lost",18/09/19,Completed,1,S010,14987506
20199005648,"Network Service Closure","Take In Charge","08/10/2019 9:57:11","08/10/2019 9:57:11",UT00131,APPLICANT,HUMAN,0,0,0,"Terminal Host","Client Recess","8 - Keep other relationships. Different dip",25/05/19,Completed,1,S010,6134976
20199005772,"Network Service Closure","Take In Charge","19/09/2019 9:57:25","19/09/2019 9:57:25",UT00253,APPLICANT,HUMAN,0,0,0,"Terminal Host","Client Recess","7 - Keep other relationships. Same dip",18/09/19,Completed,1,S010,6415143
20199006003,"Network Service Closure","Take In Charge","01/10/2019 9:45:48","01/10/2019 9:45:48",UT00351,APPLICANT,HUMAN,0,0,0,"Terminal Host","Client Recess","1 - Client lost",19/09/19,Completed,1,S010,3852694
20199006290,"Network Service Closure","Take In Charge","04/10/2019 15:37:40","04/10/2019 15:37:40",UT00089,APPLICANT,HUMAN,0,0,0,"Terminal Host","Client Recess","1 - Client lost",19/09/19,Completed,1,S010,4234390
20199006569,"Network Service Closure","Take In Charge","09/10/2019 11:57:44","09/10/2019 11:57:44",UT00076,APPLICANT,HUMAN,0,0,0,"Terminal Host","Client Recess","1 - Client lost",20/09/19,Completed,1,S010,7531625
20199006952,"Network Service Closure","Take In Charge","20/09/2019 15:32:57","20/09/2019 15:32:57",UT00875,APPLICANT,HUMAN,0,0,0,"Terminal Host",Inheritance,,,Completed,6,S010,6011958
20199007226,"Network Service Closure","Take In Charge","21/09/2019 11:22:00","21/09/2019 11:22:00",UT00144,APPLICANT,HUMAN,0,0,0,"Terminal Host",Inheritance,,,Completed,6,S010,5166905
20199007862,"Network Service Closure","Take In Charge","04/10/2019 16:50:25","04/10/2019 16:50:25",UT00572,APPLICANT,HUMAN,0,0,0,"Terminal Host","Client Recess","1 - Client lost",21/09/19,Completed,1,S010,43886732
20199008462,"Network Service Closure","Take In Charge","04/10/2019 9:42:58","04/10/2019 9:42:58",UT00870,APPLICANT,HUMAN,0,0,0,"Terminal Host","Client Recess","1 - Client lost",25/09/19,Completed,1,S010,17032458
20199008569,"Network Service Closure","Take In Charge","04/10/2019 17:44:24","04/10/2019 17:44:24",UT00545,APPLICANT,HUMAN,0,0,0,"Terminal Host","Client Recess","1 - Client lost",25/09/19,Completed,1,S010,5383976
20199008586,"Network Service Closure","Take In Charge","02/10/2019 8:40:27","02/10/2019 8:40:27",UT00745,APPLICANT,HUMAN,0,0,0,"Terminal Host","Client Recess","1 - Client lost",25/09/19,Completed,1,S010,9705071
20199008612,"Network Service Closure","Take In Charge","03/10/2019 16:29:15","03/10/2019 16:29:15",UT00443,APPLICANT,HUMAN,0,0,0,"Terminal Host","Client Recess","1 - Client lost",26/09/19,Completed,1,S010,6072122
20199008816,"Network Service Closure","Take In Charge","12/10/2019 9:09:55","12/10/2019 9:09:55",UT00092,APPLICANT,HUMAN,0,0,0,"Terminal Host","Client Recess","1 - Client lost",03/09/19,Completed,1,S010,10421944
20199008884,"Network Service Closure","Take In Charge","04/10/2019 17:03:01","04/10/2019 17:03:01",UT00118,APPLICANT,HUMAN,0,0,0,"Terminal Host","Client Recess","1 - Client lost",26/09/19,Completed,1,S010,8811545
20199009651,"Network Service Closure","Take In Charge","12/10/2019 8:39:25","12/10/2019 8:39:25",UT00574,APPLICANT,HUMAN,0,0,0,"Terminal Host","Client Recess","1 - Client lost",28/09/19,Completed,1,S010,16854589
20199009910,"Network Service Closure","Take In Charge","05/10/2019 15:07:37","05/10/2019 15:07:37",UT00000,APPLICANT,HUMAN,0,0,0,"Terminal Host","Client Recess","1 - Client lost",28/09/19,Completed,1,S010,3791405
20199009943,"Network Service Closure","Take In Charge","05/10/2019 8:52:07","05/10/2019 8:52:07",UT00208,APPLICANT,HUMAN,0,0,0,"Terminal Host","Client Recess","1 - Client lost",25/07/19,Completed,1,S010,4600795
20199009969,"Network Service Closure","Take In Charge","01/10/2019 12:57:27","01/10/2019 12:57:27",UT00272,APPLICANT,HUMAN,0,0,0,"Terminal Host","Client Recess","1 - Client lost",28/09/19,Completed,1,S010,7229015
20199009975,"Network Service Closure","Take In Charge","03/10/2019 16:51:10","03/10/2019 16:51:10",UT00283,APPLICANT,HUMAN,0,0,0,"Terminal Host","Client Recess","1 - Client lost",08/08/19,Completed,1,S010,3937679
201910000226,"Network Service Closure","Take In Charge","02/10/2019 9:27:46","02/10/2019 9:27:46",UT00481,APPLICANT,HUMAN,0,0,0,"Terminal Host","Client Recess","1 - Client lost",01/10/19,Completed,1,S010,8233027
201910000390,"Network Service Closure","Take In Charge","03/10/2019 15:32:39","03/10/2019 15:32:39",UT00533,APPLICANT,HUMAN,0,0,0,"Terminal Host","Client Recess","1 - Client lost",03/10/19,Completed,1,S010,16461926
201910000420,"Network Service Closure","Take In Charge","01/10/2019 17:26:45","01/10/2019 17:26:45",UT00753,APPLICANT,HUMAN,0,0,0,"Terminal Host","Client Recess","1 - Client lost",01/10/19,Completed,1,S010,13664997
201910000423,"Network Service Closure","Take In Charge","01/10/2019 17:20:50","01/10/2019 17:20:50",UT00753,APPLICANT,HUMAN,0,0,0,"Terminal Host","Client Recess","1 - Client lost",01/10/19,Completed,1,S010,5497262
201910000430,"Network Service Closure","Take In Charge","01/10/2019 17:22:50","01/10/2019 17:22:50",UT00753,APPLICANT,HUMAN,0,0,0,"Terminal Host","Client Recess","1 - Client lost",01/10/19,Completed,1,S010,5558054
201910000437,"Network Service Closure","Take In Charge","02/10/2019 12:48:46","02/10/2019 12:48:46",UT00191,APPLICANT,HUMAN,0,0,0,"Terminal Host","Client Recess","1 - Client lost",01/10/19,Completed,1,S010,5556396
201910000440,"Network Service Closure","Take In Charge","01/10/2019 17:16:22","01/10/2019 17:16:22",UT00762,APPLICANT,HUMAN,0,0,0,"Terminal Host","Client Recess","1 - Client lost",26/09/19,Completed,1,S010,97475560
201910000441,"Network Service Closure","Take In Charge","01/10/2019 17:29:38","01/10/2019 17:29:38",UT00753,APPLICANT,HUMAN,0,0,0,"Terminal Host","Client Recess","1 - Client lost",01/10/19,Completed,1,S010,5454759
201910000678,"Network Service Closure","Take In Charge","02/10/2019 13:23:36","02/10/2019 13:23:36",UT00581,APPLICANT,HUMAN,0,0,0,"Terminal Host","Client Recess","1 - Client lost",26/09/19,Completed,1,S010,12441905
201910000737,"Network Service Closure","Take In Charge","02/10/2019 13:02:36","02/10/2019 13:02:36",UT00695,APPLICANT,HUMAN,0,0,0,"Terminal Host","Client Recess","1 - Client lost",02/10/19,Completed,1,S010,8008974
201910000770,"Network Service Closure","Take In Charge","02/10/2019 13:18:59","02/10/2019 13:18:59",UT00702,APPLICANT,HUMAN,0,0,0,"Terminal Host",Inheritance,,,Completed,6,S010,5032208
201910000864,"Network Service Closure","Take In Charge","10/10/2019 12:31:52","10/10/2019 12:31:52",UT00466,APPLICANT,HUMAN,0,0,0,"Terminal Host","Client Recess","1 - Client lost",01/10/19,Completed,1,S010,4337113
201910000925,"Network Service Closure","Take In Charge","03/10/2019 16:21:04","03/10/2019 16:21:04",SB01,APPLICANT,HUMAN,0,0,0,"Terminal Host","Client Recess","1 - Client lost",12/09/19,Completed,1,S010,4320726
201910001008,"Network Service Closure","Take In Charge","03/10/2019 10:57:19","03/10/2019 10:57:19",UT00190,APPLICANT,HUMAN,0,0,0,"Terminal Host","Client Recess","1 - Client lost",20/09/19,Completed,1,S010,7467102
201910001021,"Network Service Closure","Take In Charge","03/10/2019 9:42:48","03/10/2019 9:42:48",UT00708,APPLICANT,HUMAN,0,0,0,"Terminal Host","Client Recess","1 - Client lost",01/08/19,Completed,1,S010,8354304
201910001352,"Network Service Closure","Take In Charge","03/10/2019 15:39:55","03/10/2019 15:39:55",UT00226,APPLICANT,HUMAN,0,0,0,"Terminal Host","Client Recess","1 - Client lost",03/10/19,Completed,1,S010,4784485
201910001360,"Network Service Closure","Take In Charge","03/10/2019 15:42:12","03/10/2019 15:42:12",UT00226,APPLICANT,HUMAN,0,0,0,"Terminal Host","Client Recess","1 - Client lost",03/10/19,Completed,1,S010,7879035
201910001409,"Network Service Closure","Take In Charge","04/10/2019 10:39:12","04/10/2019 10:39:12",UT00193,APPLICANT,HUMAN,0,0,0,"Terminal Host","Client Recess","1 - Client lost",03/10/19,Completed,1,S010,5257404
201910001423,"Network Service Closure","Take In Charge","04/10/2019 8:38:28","04/10/2019 8:38:28",SB79,APPLICANT,HUMAN,0,0,0,"Terminal Host","Client Recess","1 - Client lost",02/10/19,Completed,1,S010,12686553
201910001429,"Network Service Closure","Take In Charge","04/10/2019 11:48:48","04/10/2019 11:48:48",UT00392,APPLICANT,HUMAN,0,0,0,"Terminal Host","Client Recess","1 - Client lost",03/10/19,Completed,1,S010,14097071
201910001444,"Network Service Closure","Take In Charge","04/10/2019 9:29:02","04/10/2019 9:29:02",UT00477,APPLICANT,HUMAN,0,0,0,"Terminal Host","Client Recess","1 - Client lost",03/10/19,Completed,1,S010,4508271
201910001462,"Network Service Closure","Take In Charge","10/10/2019 8:31:48","10/10/2019 8:31:48",UT00563,APPLICANT,HUMAN,0,0,0,"Terminal Host","Client Recess","1 - Client lost",04/10/19,Completed,1,S010,6680881
201910001484,"Network Service Closure","Take In Charge","04/10/2019 9:08:40","04/10/2019 9:08:40",SB31,APPLICANT,HUMAN,0,0,0,"Terminal Host","Bank Recess","1 - Client lost",,Completed,6,S010,8479691
201910001527,"Network Service Closure","Take In Charge","04/10/2019 10:13:57","04/10/2019 10:13:57",UT00224,APPLICANT,HUMAN,0,0,0,"Terminal Host","Client Recess","1 - Client lost",04/10/19,Completed,1,S010,6012321
201910001595,"Network Service Closure","Take In Charge","04/10/2019 10:44:41","04/10/2019 10:44:41",SB63,APPLICANT,HUMAN,0,0,0,"Terminal Host","Client Recess","1 - Client lost",04/10/19,Completed,1,S010,13198018
201910001627,"Network Service Closure","Take In Charge","04/10/2019 11:01:17","04/10/2019 11:01:17",SB74,APPLICANT,HUMAN,0,0,0,"Terminal Host",Inheritance,,,Completed,6,S010,4607571
201910001754,"Network Service Closure","Take In Charge","11/10/2019 17:12:26","11/10/2019 17:12:26",UT00130,APPLICANT,HUMAN,0,0,0,"Terminal Host","Client Recess","1 - Client lost",04/10/19,Completed,1,S010,18125559
201910001791,"Network Service Closure","Take In Charge","10/10/2019 8:33:57","10/10/2019 8:33:57",UT00282,APPLICANT,HUMAN,0,0,0,"Terminal Host","Client Recess","1 - Client lost",04/10/19,Completed,1,S010,13145899
201910001794,"Network Service Closure","Take In Charge","08/10/2019 11:06:08","08/10/2019 11:06:08",SB10,APPLICANT,HUMAN,0,0,0,"Terminal Host","Client Recess","1 - Client lost",04/10/19,Completed,1,S010,15640017
201910001832,"Network Service Closure","Take In Charge","08/10/2019 11:40:25","08/10/2019 11:40:25",UT00620,APPLICANT,HUMAN,0,0,0,"Terminal Host","Client Recess","1 - Client lost",28/09/19,Completed,1,S010,5823703
201910001964,"Network Service Closure","Take In Charge","11/10/2019 10:37:21","11/10/2019 10:37:21",UT00501,APPLICANT,HUMAN,0,0,0,"Terminal Host","Client Recess","1 - Client lost",27/09/19,Completed,1,S010,18855476
201910001973,"Network Service Closure","Take In Charge","05/10/2019 9:47:41","05/10/2019 9:47:41",UT00702,APPLICANT,HUMAN,0,0,0,"Terminal Host","Client Recess","1 - Client lost",05/10/19,Completed,1,S010,17555997
201910002151,"Network Service Closure","Take In Charge","05/10/2019 15:17:38","05/10/2019 15:17:38",SB63,APPLICANT,HUMAN,0,0,0,"Terminal Host","Client Recess","1 - Client lost",05/10/19,Completed,1,S010,5812143
201910002362,"Network Service Closure","Take In Charge","08/10/2019 10:59:26","08/10/2019 10:59:26",UT00218,APPLICANT,HUMAN,0,0,0,"Terminal Host","Client Recess","1 - Client lost",08/10/19,Completed,1,S010,4643489
201910002463,"Network Service Closure","Take In Charge","08/10/2019 10:46:54","08/10/2019 10:46:54",UT00308,APPLICANT,HUMAN,0,0,0,"Terminal Host","Client Recess","1 - Client lost",08/10/19,Completed,1,S010,4012375
201910002616,"Network Service Closure","Take In Charge","11/10/2019 8:54:24","11/10/2019 8:54:24",UT00240,APPLICANT,HUMAN,0,0,0,"Terminal Host","Client Recess","1 - Client lost",08/10/19,Completed,1,S010,6550160
201910002724,"Network Service Closure","Take In Charge","11/10/2019 12:10:28","11/10/2019 12:10:28",UT00453,APPLICANT,HUMAN,0,0,0,"Terminal Host","Client Recess","1 - Client lost",08/10/19,Completed,1,S010,15036703
201910002760,"Network Service Closure","Take In Charge","08/10/2019 13:19:26","08/10/2019 13:19:26",UT00274,APPLICANT,HUMAN,0,0,0,"Terminal Host","Client Recess","1 - Client lost",08/10/19,Completed,1,S010,6986422
201910002809,"Network Service Closure","Take In Charge","08/10/2019 16:30:50","08/10/2019 16:30:50",UT00232,APPLICANT,HUMAN,0,0,0,"Terminal Host","Client Recess","1 - Client lost",08/10/19,Completed,1,S010,5619896
201910002829,"Network Service Closure","Take In Charge","12/10/2019 9:42:52","12/10/2019 9:42:52",UT00232,APPLICANT,HUMAN,0,0,0,"Terminal Host","Client Recess","1 - Client lost",08/10/19,Completed,1,S010,13312387
201910002851,"Network Service Closure","Take In Charge","08/10/2019 16:02:10","08/10/2019 16:02:10",UT00918,APPLICANT,HUMAN,0,0,0,"Terminal Host","Client Recess","1 - Client lost",08/10/19,Completed,1,S010,4388732
201910002913,"Network Service Closure","Take In Charge","11/10/2019 10:27:21","11/10/2019 10:27:21",UT00135,APPLICANT,HUMAN,0,0,0,"Terminal Host","Client Recess","1 - Client lost",08/10/19,Completed,1,S010,16209572
201910003081,"Network Service Closure","Take In Charge","09/10/2019 17:09:32","09/10/2019 17:09:32",UT00093,APPLICANT,HUMAN,0,0,0,"Terminal Host","Client Recess","1 - Client lost",09/10/19,Completed,1,S010,7168934
201910003601,"Network Service Closure","Take In Charge","11/10/2019 9:08:25","11/10/2019 9:08:25",UT00562,APPLICANT,HUMAN,0,0,0,"Terminal Host","Client Recess","1 - Client lost",10/10/19,Completed,1,S010,4748750
201910003757,"Network Service Closure","Take In Charge","11/10/2019 8:57:30","11/10/2019 8:57:30",UT00753,APPLICANT,HUMAN,0,0,0,"Terminal Host","Client Recess","1 - Client lost",10/10/19,Completed,1,S010,10120422
201910004004,"Network Service Closure","Take In Charge","11/10/2019 9:16:52","11/10/2019 9:16:52",UT00191,APPLICANT,HUMAN,0,0,0,"Terminal Host","Client Recess","1 - Client lost",11/10/19,Completed,1,S010,8046348
201910004092,"Network Service Closure","Take In Charge","11/10/2019 10:44:06","11/10/2019 10:44:06",UT00142,APPLICANT,HUMAN,0,0,0,"Terminal Host","Client Recess","1 - Client lost",11/10/19,Completed,1,S010,5888063
201910004180,"Network Service Closure","Take In Charge","11/10/2019 11:07:32","11/10/2019 11:07:32",UT00321,APPLICANT,HUMAN,0,0,0,"Terminal Host","Client Recess","1 - Client lost",11/10/19,Completed,1,S010,12274744
201910004243,"Network Service Closure","Take In Charge","11/10/2019 11:55:31","11/10/2019 11:55:31",SB91,APPLICANT,HUMAN,0,0,0,"Terminal Host","Bank Recess","1 - Client lost",,Completed,6,S010,4512041
20198002523,"Network Service Closure","Closure Service 1","04/10/2019 8:50:39","04/10/2019 8:51:01",UT00573,APPLICANT,HUMAN,1571,2161,982,"Terminal Host","Client Recess","1 - Client lost",03/08/19,Completed,1,S010,13094654
20198010446,"Network Service Closure","Closure Service 2","03/10/2019 10:34:47","03/10/2019 10:36:01",UT00015,APPLICANT,HUMAN,7929,6607,2202,"Terminal Host","Client Recess","1 - Client lost",30/08/19,Completed,1,S010,16357730
20199003258,"Network Service Closure","Closure Service 3","02/10/2019 11:30:32","02/10/2019 11:30:57",UT00661,APPLICANT,HUMAN,2307,2307,893,"Terminal Host","Client Recess","7 - Keep other relationships. Same dip",24/08/19,Completed,1,S010,4413170
20199005209,"Network Service Closure","Closure Service 2","17/09/2019 13:07:17","01/10/2019 13:09:22",UT00214,APPLICANT,HUMAN,115211905,108011161,64806696,"Terminal Host","Client Recess","1 - Client lost",17/09/19,Completed,1,S010,121888512
20199005540,"Network Service Closure","Closure Service 2","12/10/2019 10:15:15","12/10/2019 10:16:21",UT00232,APPLICANT,HUMAN,7268,5893,2161,"Terminal Host","Client Recess","1 - Client lost",18/09/19,Completed,1,S010,14987506
20199005648,"Network Service Closure","Closure Service 3","08/10/2019 9:57:11","08/10/2019 9:57:56",UT00131,APPLICANT,HUMAN,5357,4688,1607,"Terminal Host","Client Recess","8 - Keep other relationships. Different dip",25/05/19,Completed,1,S010,6134976
20199005772,"Network Service Closure","Closure Service 2","19/09/2019 9:57:25","19/09/2019 10:17:18",UT00253,APPLICANT,HUMAN,113619,106518,46158,"Terminal Host","Client Recess","7 - Keep other relationships. Same dip",18/09/19,Completed,1,S010,6415143
20199006003,"Network Service Closure","Closure Service 2","01/10/2019 9:45:48","01/10/2019 9:46:43",UT00351,APPLICANT,HUMAN,6384,6548,2946,"Terminal Host","Client Recess","1 - Client lost",19/09/19,Completed,1,S010,3852694
20199006290,"Network Service Closure","Closure Service 3","04/10/2019 15:37:40","04/10/2019 15:39:09",UT00089,APPLICANT,HUMAN,9801,10595,3708,"Terminal Host","Client Recess","1 - Client lost",19/09/19,Completed,1,S010,4234390
20199006569,"Network Service Closure","Closure Service 1","09/10/2019 11:57:44","09/10/2019 11:58:14",UT00076,APPLICANT,HUMAN,3125,2946,982,"Terminal Host","Client Recess","1 - Client lost",20/09/19,Completed,1,S010,7531625
20199006952,"Network Service Closure","Closure Service 1","20/09/2019 15:32:57","20/09/2019 15:35:28",UT00875,APPLICANT,HUMAN,13482,16179,6292,"Terminal Host",Inheritance,,,Completed,6,S010,6011958
20199007226,"Network Service Closure","Closure Service 1","21/09/2019 11:22:00","21/09/2019 11:25:47",UT00144,APPLICANT,HUMAN,21619,25673,6756,"Terminal Host",Inheritance,,,Completed,6,S010,5166905
20199007862,"Network Service Closure","Closure Service 3","04/10/2019 16:50:25","08/10/2019 11:00:46",UT00572,APPLICANT,HUMAN,36713089,33814688,10627473,"Terminal Host","Client Recess","1 - Client lost",21/09/19,Completed,1,S010,43886732
20199008462,"Network Service Closure","Closure Service 1","04/10/2019 9:42:58","04/10/2019 9:45:50",UT00870,APPLICANT,HUMAN,20476,18940,6655,"Terminal Host","Client Recess","1 - Client lost",25/09/19,Completed,1,S010,17032458
20199008569,"Network Service Closure","Closure Service 1","04/10/2019 17:44:24","04/10/2019 17:59:32",UT00545,APPLICANT,HUMAN,86476,108095,35131,"Terminal Host","Client Recess","1 - Client lost",25/09/19,Completed,1,S010,5383976
20199008586,"Network Service Closure","Closure Service 3","02/10/2019 8:40:27","02/10/2019 16:42:32",UT00745,APPLICANT,HUMAN,3443452,3013021,946949,"Terminal Host","Client Recess","1 - Client lost",25/09/19,Completed,1,S010,9705071
20199008612,"Network Service Closure","Closure Service 3","03/10/2019 16:29:15","03/10/2019 16:29:48",UT00443,APPLICANT,HUMAN,3830,3634,982,"Terminal Host","Client Recess","1 - Client lost",26/09/19,Completed,1,S010,6072122
20199008816,"Network Service Closure","Closure Service 2","12/10/2019 9:09:55","12/10/2019 9:35:24",UT00092,APPLICANT,HUMAN,150170,150170,68259,"Terminal Host","Client Recess","1 - Client lost",03/09/19,Completed,1,S010,10421944
20199008884,"Network Service Closure","Closure Service 1","04/10/2019 17:03:01","04/10/2019 17:04:50",UT00118,APPLICANT,HUMAN,10057,11354,4217,"Terminal Host","Client Recess","1 - Client lost",26/09/19,Completed,1,S010,8811545
20199009651,"Network Service Closure","Closure Service 2","12/10/2019 8:39:25","12/10/2019 8:40:07",UT00574,APPLICANT,HUMAN,4125,4250,1625,"Terminal Host","Client Recess","1 - Client lost",28/09/19,Completed,1,S010,16854589
20199009910,"Network Service Closure","Closure Service 3","05/10/2019 15:07:37","05/10/2019 15:08:20",UT00000,APPLICANT,HUMAN,4351,4735,1664,"Terminal Host","Client Recess","1 - Client lost",28/09/19,Completed,1,S010,3791405
20199009943,"Network Service Closure","Closure Service 2","05/10/2019 8:52:07","05/10/2019 8:52:36",UT00208,APPLICANT,HUMAN,3366,2935,1208,"Terminal Host","Client Recess","1 - Client lost",25/07/19,Completed,1,S010,4600795
20199009969,"Network Service Closure","Closure Service 2","01/10/2019 12:57:27","01/10/2019 12:59:00",UT00272,APPLICANT,HUMAN,9411,10241,4152,"Terminal Host","Client Recess","1 - Client lost",28/09/19,Completed,1,S010,7229015
20199009975,"Network Service Closure","Closure Service 2","03/10/2019 16:51:10","03/10/2019 16:51:45",UT00283,APPLICANT,HUMAN,4167,3125,1563,"Terminal Host","Client Recess","1 - Client lost",08/08/19,Completed,1,S010,3937679
201910000226,"Network Service Closure","Closure Service 1","02/10/2019 9:27:46","02/10/2019 9:29:13",UT00481,APPLICANT,HUMAN,10098,9839,2589,"Terminal Host","Client Recess","1 - Client lost",01/10/19,Completed,1,S010,8233027
201910000390,"Network Service Closure","Closure Service 2","03/10/2019 15:32:39","03/10/2019 15:33:32",UT00533,APPLICANT,HUMAN,4890,6310,2051,"Terminal Host","Client Recess","1 - Client lost",03/10/19,Completed,1,S010,16461926
201910000420,"Network Service Closure","Closure Service 3","01/10/2019 17:26:45","01/10/2019 17:27:17",UT00753,APPLICANT,HUMAN,3524,3333,952,"Terminal Host","Client Recess","1 - Client lost",01/10/19,Completed,1,S010,13664997
201910000423,"Network Service Closure","Closure Service 2","01/10/2019 17:20:50","01/10/2019 17:21:30",UT00753,APPLICANT,HUMAN,4762,3810,1905,"Terminal Host","Client Recess","1 - Client lost",01/10/19,Completed,1,S010,5497262
201910000430,"Network Service Closure","Closure Service 1","01/10/2019 17:22:50","01/10/2019 17:25:04",UT00753,APPLICANT,HUMAN,15554,12363,5185,"Terminal Host","Client Recess","1 - Client lost",01/10/19,Completed,1,S010,5558054
201910000437,"Network Service Closure","Closure Service 3","02/10/2019 12:48:46","02/10/2019 12:50:53",UT00191,APPLICANT,HUMAN,13229,11717,3780,"Terminal Host","Client Recess","1 - Client lost",01/10/19,Completed,1,S010,5556396
201910000440,"Network Service Closure","Closure Service 3","01/10/2019 17:16:22","11/10/2019 17:28:48",UT00762,APPLICANT,HUMAN,87504060,100372304,48899327,"Terminal Host","Client Recess","1 - Client lost",26/09/19,Completed,1,S010,97475560
201910000441,"Network Service Closure","Closure Service 2","01/10/2019 17:29:38","01/10/2019 17:31:09",UT00753,APPLICANT,HUMAN,8938,10833,4875,"Terminal Host","Client Recess","1 - Client lost",01/10/19,Completed,1,S010,5454759
201910000678,"Network Service Closure","Closure Service 3","02/10/2019 13:23:36","02/10/2019 13:26:01",UT00581,APPLICANT,HUMAN,15104,14241,4315,"Terminal Host","Client Recess","1 - Client lost",26/09/19,Completed,1,S010,12441905
201910000737,"Network Service Closure","Closure Service 3","02/10/2019 13:02:36","02/10/2019 13:03:51",UT00695,APPLICANT,HUMAN,7813,7813,3795,"Terminal Host","Client Recess","1 - Client lost",02/10/19,Completed,1,S010,8008974
201910000770,"Network Service Closure","Closure Service 1","02/10/2019 13:18:59","02/10/2019 13:24:52",UT00702,APPLICANT,HUMAN,35720,33619,13658,"Terminal Host",Inheritance,,,Completed,6,S010,5032208
201910000864,"Network Service Closure","Closure Service 1","10/10/2019 12:31:52","10/10/2019 12:32:50",UT00466,APPLICANT,HUMAN,6042,5351,2071,"Terminal Host","Client Recess","1 - Client lost",01/10/19,Completed,1,S010,4337113
201910000925,"Network Service Closure","Closure Service 3","03/10/2019 16:21:04","03/10/2019 16:21:44",SB01,APPLICANT,HUMAN,4405,4048,2143,"Terminal Host","Client Recess","1 - Client lost",12/09/19,Completed,1,S010,4320726
201910001008,"Network Service Closure","Closure Service 1","03/10/2019 10:57:19","03/10/2019 11:11:51",UT00190,APPLICANT,HUMAN,103810,93429,28548,"Terminal Host","Client Recess","1 - Client lost",20/09/19,Completed,1,S010,7467102
201910001021,"Network Service Closure","Closure Service 1","03/10/2019 9:42:48","03/10/2019 9:54:48",UT00708,APPLICANT,HUMAN,77143,66429,23571,"Terminal Host","Client Recess","1 - Client lost",01/08/19,Completed,1,S010,8354304
201910001352,"Network Service Closure","Closure Service 1","03/10/2019 15:39:55","03/10/2019 15:41:20",UT00226,APPLICANT,HUMAN,7842,9360,3036,"Terminal Host","Client Recess","1 - Client lost",03/10/19,Completed,1,S010,4784485
201910001360,"Network Service Closure","Closure Service 2","03/10/2019 15:42:12","03/10/2019 15:42:46",UT00226,APPLICANT,HUMAN,3440,3137,1923,"Terminal Host","Client Recess","1 - Client lost",03/10/19,Completed,1,S010,7879035
201910001409,"Network Service Closure","Closure Service 2","04/10/2019 10:39:12","04/10/2019 10:39:56",UT00193,APPLICANT,HUMAN,4583,3929,2095,"Terminal Host","Client Recess","1 - Client lost",03/10/19,Completed,1,S010,5257404
201910001423,"Network Service Closure","Closure Service 3","04/10/2019 8:38:28","04/10/2019 8:39:30",SB79,APPLICANT,HUMAN,5720,7012,1845,"Terminal Host","Client Recess","1 - Client lost",02/10/19,Completed,1,S010,12686553
201910001429,"Network Service Closure","Closure Service 3","04/10/2019 11:48:48","04/10/2019 11:51:48",UT00392,APPLICANT,HUMAN,18214,17143,5893,"Terminal Host","Client Recess","1 - Client lost",03/10/19,Completed,1,S010,14097071
201910001444,"Network Service Closure","Closure Service 1","04/10/2019 9:29:02","04/10/2019 9:30:21",UT00477,APPLICANT,HUMAN,7289,7759,4232,"Terminal Host","Client Recess","1 - Client lost",03/10/19,Completed,1,S010,4508271
201910001462,"Network Service Closure","Closure Service 3","10/10/2019 8:31:48","10/10/2019 8:32:16",UT00563,APPLICANT,HUMAN,2917,2500,1417,"Terminal Host","Client Recess","1 - Client lost",04/10/19,Completed,1,S010,6680881
201910001484,"Network Service Closure","Closure Service 3","04/10/2019 9:08:40","04/10/2019 9:08:54",SB31,APPLICANT,HUMAN,1417,1417,625,"Terminal Host","Bank Recess","1 - Client lost",,Completed,6,S010,8479691
201910001527,"Network Service Closure","Closure Service 1","04/10/2019 10:13:57","04/10/2019 10:14:23",UT00224,APPLICANT,HUMAN,2321,2554,1161,"Terminal Host","Client Recess","1 - Client lost",04/10/19,Completed,1,S010,6012321
201910001595,"Network Service Closure","Closure Service 1","04/10/2019 10:44:41","05/10/2019 12:02:46",SB63,APPLICANT,HUMAN,8132589,8674762,4608467,"Terminal Host","Client Recess","1 - Client lost",04/10/19,Completed,1,S010,13198018
201910001627,"Network Service Closure","Closure Service 2","04/10/2019 11:01:17","04/10/2019 11:03:53",SB74,APPLICANT,HUMAN,14857,17179,8357,"Terminal Host",Inheritance,,,Completed,6,S010,4607571
201910001754,"Network Service Closure","Closure Service 2","11/10/2019 17:12:26","11/10/2019 17:13:38",UT00130,APPLICANT,HUMAN,8357,7286,3643,"Terminal Host","Client Recess","1 - Client lost",04/10/19,Completed,1,S010,18125559
201910001791,"Network Service Closure","Closure Service 1","10/10/2019 8:33:57","10/10/2019 8:34:36",UT00282,APPLICANT,HUMAN,3482,3598,1625,"Terminal Host","Client Recess","1 - Client lost",04/10/19,Completed,1,S010,13145899
201910001794,"Network Service Closure","Closure Service 3","08/10/2019 11:06:08","08/10/2019 11:07:26",SB10,APPLICANT,HUMAN,8821,7429,2321,"Terminal Host","Client Recess","1 - Client lost",04/10/19,Completed,1,S010,15640017
201910001832,"Network Service Closure","Closure Service 3","08/10/2019 11:40:25","08/10/2019 11:43:43",UT00620,APPLICANT,HUMAN,20036,18857,7071,"Terminal Host","Client Recess","1 - Client lost",28/09/19,Completed,1,S010,5823703
201910001964,"Network Service Closure","Closure Service 1","11/10/2019 10:37:21","11/10/2019 10:38:16",UT00501,APPLICANT,HUMAN,5238,6548,1964,"Terminal Host","Client Recess","1 - Client lost",27/09/19,Completed,1,S010,18855476
201910001973,"Network Service Closure","Closure Service 3","05/10/2019 9:47:41","05/10/2019 9:48:16",UT00702,APPLICANT,HUMAN,3333,4167,1979,"Terminal Host","Client Recess","1 - Client lost",05/10/19,Completed,1,S010,17555997
201910002151,"Network Service Closure","Closure Service 1","05/10/2019 15:17:38","05/10/2019 15:18:28",SB63,APPLICANT,HUMAN,4911,5357,1935,"Terminal Host","Client Recess","1 - Client lost",05/10/19,Completed,1,S010,5812143
201910002362,"Network Service Closure","Closure Service 3","08/10/2019 10:59:26","08/10/2019 10:59:45",UT00218,APPLICANT,HUMAN,1810,1866,735,"Terminal Host","Client Recess","1 - Client lost",08/10/19,Completed,1,S010,4643489
201910002463,"Network Service Closure","Closure Service 1","08/10/2019 10:46:54","08/10/2019 10:47:28",UT00308,APPLICANT,HUMAN,3744,3744,1012,"Terminal Host","Client Recess","1 - Client lost",08/10/19,Completed,1,S010,4012375
201910002616,"Network Service Closure","Closure Service 3","11/10/2019 8:54:24","11/10/2019 8:55:45",UT00240,APPLICANT,HUMAN,8196,7473,2893,"Terminal Host","Client Recess","1 - Client lost",08/10/19,Completed,1,S010,6550160
201910002724,"Network Service Closure","Closure Service 2","11/10/2019 12:10:28","11/10/2019 12:11:02",UT00453,APPLICANT,HUMAN,3542,3946,1720,"Terminal Host","Client Recess","1 - Client lost",08/10/19,Completed,1,S010,15036703
201910002760,"Network Service Closure","Closure Service 1","08/10/2019 13:19:26","08/10/2019 13:19:54",UT00274,APPLICANT,HUMAN,3333,2500,1500,"Terminal Host","Client Recess","1 - Client lost",08/10/19,Completed,1,S010,6986422
201910002809,"Network Service Closure","Closure Service 2","08/10/2019 16:30:50","08/10/2019 16:32:00",UT00232,APPLICANT,HUMAN,7083,7292,3125,"Terminal Host","Client Recess","1 - Client lost",08/10/19,Completed,1,S010,5619896
201910002829,"Network Service Closure","Closure Service 2","12/10/2019 9:42:52","12/10/2019 10:12:28",UT00232,APPLICANT,HUMAN,211429,179714,68714,"Terminal Host","Client Recess","1 - Client lost",08/10/19,Completed,1,S010,13312387
201910002851,"Network Service Closure","Closure Service 3","08/10/2019 16:02:10","08/10/2019 16:02:43",UT00918,APPLICANT,HUMAN,3732,3536,1866,"Terminal Host","Client Recess","1 - Client lost",08/10/19,Completed,1,S010,4388732
201910002913,"Network Service Closure","Closure Service 1","11/10/2019 10:27:21","11/10/2019 10:28:39",UT00135,APPLICANT,HUMAN,7429,8125,4179,"Terminal Host","Client Recess","1 - Client lost",08/10/19,Completed,1,S010,16209572
201910003081,"Network Service Closure","Closure Service 2","09/10/2019 17:09:32","09/10/2019 17:10:00",UT00093,APPLICANT,HUMAN,3333,2667,1417,"Terminal Host","Client Recess","1 - Client lost",09/10/19,Completed,1,S010,7168934
201910003601,"Network Service Closure","Closure Service 3","11/10/2019 9:08:25","11/10/2019 9:09:13",UT00562,APPLICANT,HUMAN,5429,5429,2286,"Terminal Host","Client Recess","1 - Client lost",10/10/19,Completed,1,S010,4748750
201910003757,"Network Service Closure","Closure Service 3","11/10/2019 8:57:30","11/10/2019 8:57:56",UT00753,APPLICANT,HUMAN,2321,2940,1315,"Terminal Host","Client Recess","1 - Client lost",10/10/19,Completed,1,S010,10120422
201910004004,"Network Service Closure","Closure Service 2","11/10/2019 9:16:52","11/10/2019 9:21:26",UT00191,APPLICANT,HUMAN,27726,30173,16310,"Terminal Host","Client Recess","1 - Client lost",11/10/19,Completed,1,S010,8046348
201910004092,"Network Service Closure","Closure Service 1","11/10/2019 10:44:06","11/10/2019 10:46:21",UT00142,APPLICANT,HUMAN,14063,13661,7634,"Terminal Host","Client Recess","1 - Client lost",11/10/19,Completed,1,S010,5888063
201910004180,"Network Service Closure","Closure Service 3","11/10/2019 11:07:32","11/10/2019 11:07:58",UT00321,APPLICANT,HUMAN,2786,2399,851,"Terminal Host","Client Recess","1 - Client lost",11/10/19,Completed,1,S010,12274744
201910004243,"Network Service Closure","Closure Service 3","11/10/2019 11:55:31","11/10/2019 11:55:43",SB91,APPLICANT,HUMAN,1321,1214,357,"Terminal Host","Bank Recess","1 - Client lost",,Completed,6,S010,4512041
20198002523,"Network Service Closure","Closure Completed","04/10/2019 8:51:01","04/10/2019 8:51:01",UT00573,APPLICANT,HUMAN,0,0,0,"Terminal Host","Client Recess","1 - Client lost",03/08/19,Completed,1,S010,13094654
20198010446,"Network Service Closure","Closure Completed","03/10/2019 10:36:01","03/10/2019 10:36:01",UT00015,APPLICANT,HUMAN,0,0,0,"Terminal Host","Client Recess","1 - Client lost",30/08/19,Completed,1,S010,16357730
20199003258,"Network Service Closure","Closure Completed","02/10/2019 11:30:57","02/10/2019 11:30:57",UT00661,APPLICANT,HUMAN,0,0,0,"Terminal Host","Client Recess","7 - Keep other relationships. Same dip",24/08/19,Completed,1,S010,4413170
20199005209,"Network Service Closure","Closure Completed","01/10/2019 13:09:22","01/10/2019 13:09:22",UT00214,APPLICANT,HUMAN,0,0,0,"Terminal Host","Client Recess","1 - Client lost",17/09/19,Completed,1,S010,121888512
20199005540,"Network Service Closure","Closure Completed","12/10/2019 10:16:21","12/10/2019 10:16:21",UT00232,APPLICANT,HUMAN,0,0,0,"Terminal Host","Client Recess","1 - Client lost",18/09/19,Completed,1,S010,14987506
20199005648,"Network Service Closure","Closure Completed","08/10/2019 9:57:56","08/10/2019 9:57:56",UT00131,APPLICANT,HUMAN,0,0,0,"Terminal Host","Client Recess","8 - Keep other relationships. Different dip",25/05/19,Completed,1,S010,6134976
20199005772,"Network Service Closure","Closure Completed","19/09/2019 10:17:18","19/09/2019 10:17:18",UT00253,APPLICANT,HUMAN,0,0,0,"Terminal Host","Client Recess","7 - Keep other relationships. Same dip",18/09/19,Completed,1,S010,6415143
20199006003,"Network Service Closure","Closure Completed","01/10/2019 9:46:43","01/10/2019 9:46:43",UT00351,APPLICANT,HUMAN,0,0,0,"Terminal Host","Client Recess","1 - Client lost",19/09/19,Completed,1,S010,3852694
20199006290,"Network Service Closure","Closure Completed","04/10/2019 15:39:09","04/10/2019 15:39:09",UT00089,APPLICANT,HUMAN,0,0,0,"Terminal Host","Client Recess","1 - Client lost",19/09/19,Completed,1,S010,4234390
20199006569,"Network Service Closure","Closure Completed","09/10/2019 11:58:14","09/10/2019 11:58:14",UT00076,APPLICANT,HUMAN,0,0,0,"Terminal Host","Client Recess","1 - Client lost",20/09/19,Completed,1,S010,7531625
20199006952,"Network Service Closure","Closure Completed","20/09/2019 15:35:28","20/09/2019 15:35:28",UT00875,APPLICANT,HUMAN,0,0,0,"Terminal Host",Inheritance,,,Completed,6,S010,6011958
20199007226,"Network Service Closure","Closure Completed","21/09/2019 11:25:47","21/09/2019 11:25:47",UT00144,APPLICANT,HUMAN,0,0,0,"Terminal Host",Inheritance,,,Completed,6,S010,5166905
20199007862,"Network Service Closure","Closure Completed","08/10/2019 11:00:46","08/10/2019 11:00:46",UT00572,APPLICANT,HUMAN,0,0,0,"Terminal Host","Client Recess","1 - Client lost",21/09/19,Completed,1,S010,43886732
20199008462,"Network Service Closure","Closure Completed","04/10/2019 9:45:50","04/10/2019 9:45:50",UT00870,APPLICANT,HUMAN,0,0,0,"Terminal Host","Client Recess","1 - Client lost",25/09/19,Completed,1,S010,17032458
20199008569,"Network Service Closure","Closure Completed","04/10/2019 17:59:32","04/10/2019 17:59:32",UT00545,APPLICANT,HUMAN,0,0,0,"Terminal Host","Client Recess","1 - Client lost",25/09/19,Completed,1,S010,5383976
20199008586,"Network Service Closure","Closure Completed","02/10/2019 16:42:32","02/10/2019 16:42:32",UT00745,APPLICANT,HUMAN,0,0,0,"Terminal Host","Client Recess","1 - Client lost",25/09/19,Completed,1,S010,9705071
20199008612,"Network Service Closure","Closure Completed","03/10/2019 16:29:48","03/10/2019 16:29:48",UT00443,APPLICANT,HUMAN,0,0,0,"Terminal Host","Client Recess","1 - Client lost",26/09/19,Completed,1,S010,6072122
20199008816,"Network Service Closure","Closure Completed","12/10/2019 9:35:24","12/10/2019 9:35:24",UT00092,APPLICANT,HUMAN,0,0,0,"Terminal Host","Client Recess","1 - Client lost",03/09/19,Completed,1,S010,10421944
20199008884,"Network Service Closure","Closure Completed","04/10/2019 17:04:50","04/10/2019 17:04:50",UT00118,APPLICANT,HUMAN,0,0,0,"Terminal Host","Client Recess","1 - Client lost",26/09/19,Completed,1,S010,8811545
20199009651,"Network Service Closure","Closure Completed","12/10/2019 8:40:07","12/10/2019 8:40:07",UT00574,APPLICANT,HUMAN,0,0,0,"Terminal Host","Client Recess","1 - Client lost",28/09/19,Completed,1,S010,16854589
20199009910,"Network Service Closure","Closure Completed","05/10/2019 15:08:20","05/10/2019 15:08:20",UT00000,APPLICANT,HUMAN,0,0,0,"Terminal Host","Client Recess","1 - Client lost",28/09/19,Completed,1,S010,3791405
20199009943,"Network Service Closure","Closure Completed","05/10/2019 8:52:36","05/10/2019 8:52:36",UT00208,APPLICANT,HUMAN,0,0,0,"Terminal Host","Client Recess","1 - Client lost",25/07/19,Completed,1,S010,4600795
20199009969,"Network Service Closure","Closure Completed","01/10/2019 12:59:00","01/10/2019 12:59:00",UT00272,APPLICANT,HUMAN,0,0,0,"Terminal Host","Client Recess","1 - Client lost",28/09/19,Completed,1,S010,7229015
20199009975,"Network Service Closure","Closure Completed","03/10/2019 16:51:45","03/10/2019 16:51:45",UT00283,APPLICANT,HUMAN,0,0,0,"Terminal Host","Client Recess","1 - Client lost",08/08/19,Completed,1,S010,3937679
201910000226,"Network Service Closure","Closure Completed","02/10/2019 9:29:13","02/10/2019 9:29:13",UT00481,APPLICANT,HUMAN,0,0,0,"Terminal Host","Client Recess","1 - Client lost",01/10/19,Completed,1,S010,8233027
201910000390,"Network Service Closure","Closure Completed","03/10/2019 15:33:32","03/10/2019 15:33:32",UT00533,APPLICANT,HUMAN,0,0,0,"Terminal Host","Client Recess","1 - Client lost",03/10/19,Completed,1,S010,16461926
201910000420,"Network Service Closure","Closure Completed","01/10/2019 17:27:17","01/10/2019 17:27:17",UT00753,APPLICANT,HUMAN,0,0,0,"Terminal Host","Client Recess","1 - Client lost",01/10/19,Completed,1,S010,13664997
201910000423,"Network Service Closure","Closure Completed","01/10/2019 17:21:30","01/10/2019 17:21:30",UT00753,APPLICANT,HUMAN,0,0,0,"Terminal Host","Client Recess","1 - Client lost",01/10/19,Completed,1,S010,5497262
201910000430,"Network Service Closure","Closure Completed","01/10/2019 17:25:04","01/10/2019 17:25:04",UT00753,APPLICANT,HUMAN,0,0,0,"Terminal Host","Client Recess","1 - Client lost",01/10/19,Completed,1,S010,5558054
201910000437,"Network Service Closure","Closure Completed","02/10/2019 12:50:53","02/10/2019 12:50:53",UT00191,APPLICANT,HUMAN,0,0,0,"Terminal Host","Client Recess","1 - Client lost",01/10/19,Completed,1,S010,5556396
201910000440,"Network Service Closure","Closure Completed","11/10/2019 17:28:48","11/10/2019 17:28:48",UT00762,APPLICANT,HUMAN,0,0,0,"Terminal Host","Client Recess","1 - Client lost",26/09/19,Completed,1,S010,97475560
201910000441,"Network Service Closure","Closure Completed","01/10/2019 17:31:09","01/10/2019 17:31:09",UT00753,APPLICANT,HUMAN,0,0,0,"Terminal Host","Client Recess","1 - Client lost",01/10/19,Completed,1,S010,5454759
201910000678,"Network Service Closure","Closure Completed","02/10/2019 13:26:01","02/10/2019 13:26:01",UT00581,APPLICANT,HUMAN,0,0,0,"Terminal Host","Client Recess","1 - Client lost",26/09/19,Completed,1,S010,12441905
201910000737,"Network Service Closure","Closure Completed","02/10/2019 13:03:51","02/10/2019 13:03:51",UT00695,APPLICANT,HUMAN,0,0,0,"Terminal Host","Client Recess","1 - Client lost",02/10/19,Completed,1,S010,8008974
201910000770,"Network Service Closure","Closure Completed","02/10/2019 13:24:52","02/10/2019 13:24:52",UT00702,APPLICANT,HUMAN,0,0,0,"Terminal Host",Inheritance,,,Completed,6,S010,5032208
201910000864,"Network Service Closure","Closure Completed","10/10/2019 12:32:50","10/10/2019 12:32:50",UT00466,APPLICANT,HUMAN,0,0,0,"Terminal Host","Client Recess","1 - Client lost",01/10/19,Completed,1,S010,4337113
201910000925,"Network Service Closure","Closure Completed","03/10/2019 16:21:44","03/10/2019 16:21:44",SB01,APPLICANT,HUMAN,0,0,0,"Terminal Host","Client Recess","1 - Client lost",12/09/19,Completed,1,S010,4320726
201910001008,"Network Service Closure","Closure Completed","03/10/2019 11:11:51","03/10/2019 11:11:51",UT00190,APPLICANT,HUMAN,0,0,0,"Terminal Host","Client Recess","1 - Client lost",20/09/19,Completed,1,S010,7467102
201910001021,"Network Service Closure","Closure Completed","03/10/2019 9:54:48","03/10/2019 9:54:48",UT00708,APPLICANT,HUMAN,0,0,0,"Terminal Host","Client Recess","1 - Client lost",01/08/19,Completed,1,S010,8354304
201910001352,"Network Service Closure","Closure Completed","03/10/2019 15:41:20","03/10/2019 15:41:20",UT00226,APPLICANT,HUMAN,0,0,0,"Terminal Host","Client Recess","1 - Client lost",03/10/19,Completed,1,S010,4784485
201910001360,"Network Service Closure","Closure Completed","03/10/2019 15:42:46","03/10/2019 15:42:46",UT00226,APPLICANT,HUMAN,0,0,0,"Terminal Host","Client Recess","1 - Client lost",03/10/19,Completed,1,S010,7879035
201910001409,"Network Service Closure","Closure Completed","04/10/2019 10:39:56","04/10/2019 10:39:56",UT00193,APPLICANT,HUMAN,0,0,0,"Terminal Host","Client Recess","1 - Client lost",03/10/19,Completed,1,S010,5257404
201910001423,"Network Service Closure","Closure Completed","04/10/2019 8:39:30","04/10/2019 8:39:30",SB79,APPLICANT,HUMAN,0,0,0,"Terminal Host","Client Recess","1 - Client lost",02/10/19,Completed,1,S010,12686553
201910001429,"Network Service Closure","Closure Completed","04/10/2019 11:51:48","04/10/2019 11:51:48",UT00392,APPLICANT,HUMAN,0,0,0,"Terminal Host","Client Recess","1 - Client lost",03/10/19,Completed,1,S010,14097071
201910001444,"Network Service Closure","Closure Completed","04/10/2019 9:30:21","04/10/2019 9:30:21",UT00477,APPLICANT,HUMAN,0,0,0,"Terminal Host","Client Recess","1 - Client lost",03/10/19,Completed,1,S010,4508271
201910001462,"Network Service Closure","Closure Completed","10/10/2019 8:32:16","10/10/2019 8:32:16",UT00563,APPLICANT,HUMAN,0,0,0,"Terminal Host","Client Recess","1 - Client lost",04/10/19,Completed,1,S010,6680881
201910001484,"Network Service Closure","Closure Completed","04/10/2019 9:08:54","04/10/2019 9:08:54",SB31,APPLICANT,HUMAN,0,0,0,"Terminal Host","Bank Recess","1 - Client lost",,Completed,6,S010,8479691
201910001527,"Network Service Closure","Closure Completed","04/10/2019 10:14:23","04/10/2019 10:14:23",UT00224,APPLICANT,HUMAN,0,0,0,"Terminal Host","Client Recess","1 - Client lost",04/10/19,Completed,1,S010,6012321
201910001595,"Network Service Closure","Closure Completed","05/10/2019 12:02:46","05/10/2019 12:02:46",SB63,APPLICANT,HUMAN,0,0,0,"Terminal Host","Client Recess","1 - Client lost",04/10/19,Completed,1,S010,13198018
201910001627,"Network Service Closure","Closure Completed","04/10/2019 11:03:53","04/10/2019 11:03:53",SB74,APPLICANT,HUMAN,0,0,0,"Terminal Host",Inheritance,,,Completed,6,S010,4607571
201910001754,"Network Service Closure","Closure Completed","11/10/2019 17:13:38","11/10/2019 17:13:38",UT00130,APPLICANT,HUMAN,0,0,0,"Terminal Host","Client Recess","1 - Client lost",04/10/19,Completed,1,S010,18125559
201910001791,"Network Service Closure","Closure Completed","10/10/2019 8:34:36","10/10/2019 8:34:36",UT00282,APPLICANT,HUMAN,0,0,0,"Terminal Host","Client Recess","1 - Client lost",04/10/19,Completed,1,S010,13145899
201910001794,"Network Service Closure","Closure Completed","08/10/2019 11:07:26","08/10/2019 11:07:26",SB10,APPLICANT,HUMAN,0,0,0,"Terminal Host","Client Recess","1 - Client lost",04/10/19,Completed,1,S010,15640017
201910001832,"Network Service Closure","Closure Completed","08/10/2019 11:43:43","08/10/2019 11:43:43",UT00620,APPLICANT,HUMAN,0,0,0,"Terminal Host","Client Recess","1 - Client lost",28/09/19,Completed,1,S010,5823703
201910001964,"Network Service Closure","Closure Completed","11/10/2019 10:38:16","11/10/2019 10:38:16",UT00501,APPLICANT,HUMAN,0,0,0,"Terminal Host","Client Recess","1 - Client lost",27/09/19,Completed,1,S010,18855476
201910001973,"Network Service Closure","Closure Completed","05/10/2019 9:48:16","05/10/2019 9:48:16",UT00702,APPLICANT,HUMAN,0,0,0,"Terminal Host","Client Recess","1 - Client lost",05/10/19,Completed,1,S010,17555997
201910002151,"Network Service Closure","Closure Completed","05/10/2019 15:18:28","05/10/2019 15:18:28",SB63,APPLICANT,HUMAN,0,0,0,"Terminal Host","Client Recess","1 - Client lost",05/10/19,Completed,1,S010,5812143
201910002362,"Network Service Closure","Closure Completed","08/10/2019 10:59:45","08/10/2019 10:59:45",UT00218,APPLICANT,HUMAN,0,0,0,"Terminal Host","Client Recess","1 - Client lost",08/10/19,Completed,1,S010,4643489
201910002463,"Network Service Closure","Closure Completed","08/10/2019 10:47:28","08/10/2019 10:47:28",UT00308,APPLICANT,HUMAN,0,0,0,"Terminal Host","Client Recess","1 - Client lost",08/10/19,Completed,1,S010,4012375
201910002616,"Network Service Closure","Closure Completed","11/10/2019 8:55:45","11/10/2019 8:55:45",UT00240,APPLICANT,HUMAN,0,0,0,"Terminal Host","Client Recess","1 - Client lost",08/10/19,Completed,1,S010,6550160
201910002724,"Network Service Closure","Closure Completed","11/10/2019 12:11:02","11/10/2019 12:11:02",UT00453,APPLICANT,HUMAN,0,0,0,"Terminal Host","Client Recess","1 - Client lost",08/10/19,Completed,1,S010,15036703
201910002760,"Network Service Closure","Closure Completed","08/10/2019 13:19:54","08/10/2019 13:19:54",UT00274,APPLICANT,HUMAN,0,0,0,"Terminal Host","Client Recess","1 - Client lost",08/10/19,Completed,1,S010,6986422
201910002809,"Network Service Closure","Closure Completed","08/10/2019 16:32:00","08/10/2019 16:32:00",UT00232,APPLICANT,HUMAN,0,0,0,"Terminal Host","Client Recess","1 - Client lost",08/10/19,Completed,1,S010,5619896
201910002829,"Network Service Closure","Closure Completed","12/10/2019 10:12:28","12/10/2019 10:12:28",UT00232,APPLICANT,HUMAN,0,0,0,"Terminal Host","Client Recess","1 - Client lost",08/10/19,Completed,1,S010,13312387
201910002851,"Network Service Closure","Closure Completed","08/10/2019 16:02:43","08/10/2019 16:02:43",UT00918,APPLICANT,HUMAN,0,0,0,"Terminal Host","Client Recess","1 - Client lost",08/10/19,Completed,1,S010,4388732
201910002913,"Network Service Closure","Closure Completed","11/10/2019 10:28:39","11/10/2019 10:28:39",UT00135,APPLICANT,HUMAN,0,0,0,"Terminal Host","Client Recess","1 - Client lost",08/10/19,Completed,1,S010,16209572
201910003081,"Network Service Closure","Closure Completed","09/10/2019 17:10:00","09/10/2019 17:10:00",UT00093,APPLICANT,HUMAN,0,0,0,"Terminal Host","Client Recess","1 - Client lost",09/10/19,Completed,1,S010,7168934
201910003601,"Network Service Closure","Closure Completed","11/10/2019 9:09:13","11/10/2019 9:09:13",UT00562,APPLICANT,HUMAN,0,0,0,"Terminal Host","Client Recess","1 - Client lost",10/10/19,Completed,1,S010,4748750
201910003757,"Network Service Closure","Closure Completed","11/10/2019 8:57:56","11/10/2019 8:57:56",UT00753,APPLICANT,HUMAN,0,0,0,"Terminal Host","Client Recess","1 - Client lost",10/10/19,Completed,1,S010,10120422
201910004004,"Network Service Closure","Closure Completed","11/10/2019 9:21:26","11/10/2019 9:21:26",UT00191,APPLICANT,HUMAN,0,0,0,"Terminal Host","Client Recess","1 - Client lost",11/10/19,Completed,1,S010,8046348
201910004092,"Network Service Closure","Closure Completed","11/10/2019 10:46:21","11/10/2019 10:46:21",UT00142,APPLICANT,HUMAN,0,0,0,"Terminal Host","Client Recess","1 - Client lost",11/10/19,Completed,1,S010,5888063
201910004180,"Network Service Closure","Closure Completed","11/10/2019 11:07:58","11/10/2019 11:07:58",UT00321,APPLICANT,HUMAN,0,0,0,"Terminal Host","Client Recess","1 - Client lost",11/10/19,Completed,1,S010,12274744
201910004243,"Network Service Closure","Closure Completed","11/10/2019 11:55:43","11/10/2019 11:55:43",SB91,APPLICANT,HUMAN,0,0,0,"Terminal Host","Bank Recess","1 - Client lost",,Completed,6,S010,4512041
20198002523,"Pending Liquidation Request","Take In Charge","12/10/2019 11:46:47","12/10/2019 11:46:47",UT00866,BACK-OFFICE,,0,0,0,"Account Service Closure","Client Recess","1 - Client lost",03/08/19,Completed,1,S051,13094654
20198010446,"Pending Liquidation Request","Take In Charge","12/10/2019 9:18:42","12/10/2019 9:18:42",UT00866,BACK-OFFICE,,0,0,0,"Account Service Closure","Client Recess","1 - Client lost",30/08/19,Completed,1,S051,16357730
20199003258,"Pending Liquidation Request","Take In Charge","10/10/2019 10:06:24","10/10/2019 10:06:24",UT00842,BACK-OFFICE,,0,0,0,"Account Service Closure","Client Recess","7 - Keep other relationships. Same dip",24/08/19,Completed,1,S051,4413170
20199005209,"Pending Liquidation Request","Take In Charge","10/10/2019 9:46:26","10/10/2019 9:46:26",UT00842,BACK-OFFICE,,0,0,0,"Account Service Closure","Client Recess","1 - Client lost",17/09/19,Completed,1,S051,121888512
20199005540,"Pending Liquidation Request","Take In Charge","12/10/2019 11:42:43","12/10/2019 11:42:43",UT00849,BACK-OFFICE,,0,0,0,"Account Service Closure","Client Recess","1 - Client lost",18/09/19,Completed,1,S051,14987506
20199005648,"Pending Liquidation Request","Take In Charge","11/10/2019 15:26:46","11/10/2019 15:26:46",UT00849,BACK-OFFICE,,0,0,0,"Account Service Closure","Client Recess","8 - Keep other relationships. Different dip",25/05/19,Completed,1,S051,6134976
20199005772,"Pending Liquidation Request","Take In Charge","09/10/2019 14:22:12","09/10/2019 14:22:12",UT00835,BACK-OFFICE,,0,0,0,"Account Service Closure","Client Recess","7 - Keep other relationships. Same dip",18/09/19,Completed,1,S051,6415143
20199006003,"Pending Liquidation Request","Take In Charge","10/10/2019 15:26:26","10/10/2019 15:26:26",UT00835,BACK-OFFICE,,0,0,0,"Account Service Closure","Client Recess","1 - Client lost",19/09/19,Completed,1,S051,3852694
20199006290,"Pending Liquidation Request","Take In Charge","10/10/2019 15:30:26","10/10/2019 15:30:26",UT00852,BACK-OFFICE,,0,0,0,"Account Service Closure","Client Recess","1 - Client lost",19/09/19,Completed,1,S051,4234390
20199006569,"Pending Liquidation Request","Take In Charge","11/10/2019 12:10:34","11/10/2019 12:10:34",UT00852,BACK-OFFICE,,0,0,0,"Account Service Closure","Client Recess","1 - Client lost",20/09/19,Completed,1,S051,7531625
20199006952,"Pending Liquidation Request","Take In Charge","15/10/2019 16:06:58","15/10/2019 16:06:58",UT00829,BACK-OFFICE,,0,0,0,"Account Service Closure",Inheritance,,,Completed,6,S051,6011958
20199007226,"Pending Liquidation Request","Take In Charge","10/10/2019 11:22:33","10/10/2019 11:22:33",UT00866,BACK-OFFICE,,0,0,0,"Account Service Closure",Inheritance,,,Completed,6,S051,5166905
20199007862,"Pending Liquidation Request","Take In Charge","10/10/2019 14:14:24","10/10/2019 14:14:24",UT00866,BACK-OFFICE,,0,0,0,"Account Service Closure","Client Recess","1 - Client lost",21/09/19,Completed,1,S051,43886732
20199008462,"Pending Liquidation Request","Take In Charge","12/10/2019 10:54:42","12/10/2019 10:54:42",UT00899,BACK-OFFICE,,0,0,0,"Account Service Closure","Client Recess","1 - Client lost",25/09/19,Completed,1,S051,17032458
20199008569,"Pending Liquidation Request","Take In Charge","11/10/2019 10:02:40","11/10/2019 10:02:40",UT00899,BACK-OFFICE,,0,0,0,"Account Service Closure","Client Recess","1 - Client lost",25/09/19,Completed,1,S051,5383976
20199008586,"Pending Liquidation Request","Take In Charge","10/10/2019 14:58:25","10/10/2019 14:58:25",UT00899,BACK-OFFICE,,0,0,0,"Account Service Closure","Client Recess","1 - Client lost",25/09/19,Completed,1,S051,9705071
20199008612,"Pending Liquidation Request","Take In Charge","10/10/2019 11:02:48","10/10/2019 11:02:48",UT00852,BACK-OFFICE,,0,0,0,"Account Service Closure","Client Recess","1 - Client lost",26/09/19,Completed,1,S051,6072122
20199008816,"Pending Liquidation Request","Take In Charge","12/10/2019 11:58:44","12/10/2019 11:58:44",UT00852,BACK-OFFICE,,0,0,0,"Account Service Closure","Client Recess","1 - Client lost",03/09/19,Completed,1,S051,10421944
20199008884,"Pending Liquidation Request","Take In Charge","11/10/2019 10:42:33","11/10/2019 10:42:33",UT00877,BACK-OFFICE,,0,0,0,"Account Service Closure","Client Recess","1 - Client lost",26/09/19,Completed,1,S051,8811545
20199009651,"Pending Liquidation Request","Take In Charge","12/10/2019 11:46:53","12/10/2019 11:46:53",UT00877,BACK-OFFICE,,0,0,0,"Account Service Closure","Client Recess","1 - Client lost",28/09/19,Completed,1,S051,16854589
20199009910,"Pending Liquidation Request","Take In Charge","10/10/2019 16:14:55","10/10/2019 16:14:55",UT00877,BACK-OFFICE,,0,0,0,"Account Service Closure","Client Recess","1 - Client lost",28/09/19,Completed,1,S051,3791405
20199009943,"Pending Liquidation Request","Take In Charge","10/10/2019 15:50:31","10/10/2019 15:50:31",UT00877,BACK-OFFICE,,0,0,0,"Account Service Closure","Client Recess","1 - Client lost",25/07/19,Completed,1,S051,4600795
20199009969,"Pending Liquidation Request","Take In Charge","18/10/2019 15:39:33","18/10/2019 15:39:33",UT00835,BACK-OFFICE,,0,0,0,"Account Service Closure","Client Recess","1 - Client lost",28/09/19,Completed,1,S051,7229015
20199009975,"Pending Liquidation Request","Take In Charge","09/10/2019 14:26:14","09/10/2019 14:26:14",UT00881,BACK-OFFICE,,0,0,0,"Account Service Closure","Client Recess","1 - Client lost",08/08/19,Completed,1,S051,3937679
201910000226,"Pending Liquidation Request","Take In Charge","10/10/2019 11:14:35","10/10/2019 11:14:35",UT00881,BACK-OFFICE,,0,0,0,"Account Service Closure","Client Recess","1 - Client lost",01/10/19,Completed,1,S051,8233027
201910000390,"Pending Liquidation Request","Take In Charge","12/10/2019 13:50:46","12/10/2019 13:50:46",UT00881,BACK-OFFICE,,0,0,0,"Account Service Closure","Client Recess","1 - Client lost",03/10/19,Completed,1,S051,16461926
201910000420,"Pending Liquidation Request","Take In Charge","12/10/2019 14:10:42","12/10/2019 14:10:42",UT00882,BACK-OFFICE,,0,0,0,"Account Service Closure","Client Recess","1 - Client lost",01/10/19,Completed,1,S051,13664997
201910000423,"Pending Liquidation Request","Take In Charge","09/10/2019 8:26:14","09/10/2019 8:26:14",UT00882,BACK-OFFICE,,0,0,0,"Account Service Closure","Client Recess","1 - Client lost",01/10/19,Completed,1,S051,5497262
201910000430,"Pending Liquidation Request","Take In Charge","10/10/2019 17:10:29","10/10/2019 17:10:29",UT00882,BACK-OFFICE,,0,0,0,"Account Service Closure","Client Recess","1 - Client lost",01/10/19,Completed,1,S051,5558054
201910000437,"Pending Liquidation Request","Take In Charge","10/10/2019 14:42:33","10/10/2019 14:42:33",UT00882,BACK-OFFICE,,0,0,0,"Account Service Closure","Client Recess","1 - Client lost",01/10/19,Completed,1,S051,5556396
201910000440,"Pending Liquidation Request","Take In Charge","12/10/2019 14:34:44","12/10/2019 14:34:44",UT00882,BACK-OFFICE,,0,0,0,"Account Service Closure","Client Recess","1 - Client lost",26/09/19,Completed,1,S051,97475560
201910000441,"Pending Liquidation Request","Take In Charge","10/10/2019 9:18:33","10/10/2019 9:18:33",UT00849,BACK-OFFICE,,0,0,0,"Account Service Closure","Client Recess","1 - Client lost",01/10/19,Completed,1,S051,5454759
201910000678,"Pending Liquidation Request","Take In Charge","12/10/2019 9:58:46","12/10/2019 9:58:46",UT00849,BACK-OFFICE,,0,0,0,"Account Service Closure","Client Recess","1 - Client lost",26/09/19,Completed,1,S051,12441905
201910000737,"Pending Liquidation Request","Take In Charge","11/10/2019 9:50:38","11/10/2019 9:50:38",UT00849,BACK-OFFICE,,0,0,0,"Account Service Closure","Client Recess","1 - Client lost",02/10/19,Completed,1,S051,8008974
201910000770,"Pending Liquidation Request","Take In Charge","10/10/2019 15:50:39","10/10/2019 15:50:39",UT00842,BACK-OFFICE,,0,0,0,"Account Service Closure",Inheritance,,,Completed,6,S051,5032208
201910000864,"Pending Liquidation Request","Take In Charge","11/10/2019 10:54:41","11/10/2019 10:54:41",UT00842,BACK-OFFICE,,0,0,0,"Account Service Closure","Client Recess","1 - Client lost",01/10/19,Completed,1,S051,4337113
201910000925,"Pending Liquidation Request","Take In Charge","04/10/2019 14:25:35","04/10/2019 14:25:35",UT00866,BACK-OFFICE,,0,0,0,"Account Service Closure","Client Recess","1 - Client lost",12/09/19,Completed,1,S051,4320726
201910001008,"Pending Liquidation Request","Take In Charge","10/10/2019 15:34:50","10/10/2019 15:34:50",UT00866,BACK-OFFICE,,0,0,0,"Account Service Closure","Client Recess","1 - Client lost",20/09/19,Completed,1,S051,7467102
201910001021,"Pending Liquidation Request","Take In Charge","12/11/2019 8:10:45","12/11/2019 8:10:45",UT00866,BACK-OFFICE,,0,0,0,"Account Service Closure","Client Recess","1 - Client lost",01/08/19,Completed,1,S051,8354304
201910001352,"Pending Liquidation Request","Take In Charge","10/10/2019 14:38:33","10/10/2019 14:38:33",UT00885,BACK-OFFICE,,0,0,0,"Account Service Closure","Client Recess","1 - Client lost",03/10/19,Completed,1,S051,4784485
201910001360,"Pending Liquidation Request","Take In Charge","10/10/2019 15:02:33","10/10/2019 15:02:33",UT00885,BACK-OFFICE,,0,0,0,"Account Service Closure","Client Recess","1 - Client lost",03/10/19,Completed,1,S051,7879035
201910001409,"Pending Liquidation Request","Take In Charge","11/10/2019 10:30:47","11/10/2019 10:30:47",UT00885,BACK-OFFICE,,0,0,0,"Account Service Closure","Client Recess","1 - Client lost",03/10/19,Completed,1,S051,5257404
201910001423,"Pending Liquidation Request","Take In Charge","05/10/2019 14:37:52","05/10/2019 14:37:52",UT00885,BACK-OFFICE,,0,0,0,"Account Service Closure","Client Recess","1 - Client lost",02/10/19,Completed,1,S051,12686553
201910001429,"Pending Liquidation Request","Take In Charge","12/10/2019 17:06:50","12/10/2019 17:06:50",UT00849,BACK-OFFICE,,0,0,0,"Account Service Closure","Client Recess","1 - Client lost",03/10/19,Completed,1,S051,14097071
201910001444,"Pending Liquidation Request","Take In Charge","16/10/2019 9:10:59","16/10/2019 9:10:59",UT00829,BACK-OFFICE,,0,0,0,"Account Service Closure","Client Recess","1 - Client lost",03/10/19,Completed,1,S051,4508271
201910001462,"Pending Liquidation Request","Take In Charge","11/10/2019 14:42:38","11/10/2019 14:42:38",UT00829,BACK-OFFICE,,0,0,0,"Account Service Closure","Client Recess","1 - Client lost",04/10/19,Completed,1,S051,6680881
201910001484,"Pending Liquidation Request","Take In Charge","10/10/2019 12:14:34","10/10/2019 12:14:34",UT00849,BACK-OFFICE,,0,0,0,"Account Service Closure","Bank Recess","1 - Client lost",,Completed,6,S051,8479691
201910001527,"Pending Liquidation Request","Take In Charge","11/10/2019 11:18:40","11/10/2019 11:18:40",UT00849,BACK-OFFICE,,0,0,0,"Account Service Closure","Client Recess","1 - Client lost",04/10/19,Completed,1,S051,6012321
201910001595,"Pending Liquidation Request","Take In Charge","09/10/2019 11:46:12","09/10/2019 11:46:12",UT00849,BACK-OFFICE,,0,0,0,"Account Service Closure","Client Recess","1 - Client lost",04/10/19,Completed,1,S051,13198018
201910001627,"Pending Liquidation Request","Take In Charge","10/10/2019 16:06:48","10/10/2019 16:06:48",UT00852,BACK-OFFICE,,0,0,0,"Account Service Closure",Inheritance,,,Completed,6,S051,4607571
201910001754,"Pending Liquidation Request","Take In Charge","12/10/2019 14:42:46","12/10/2019 14:42:46",UT00852,BACK-OFFICE,,0,0,0,"Account Service Closure","Client Recess","1 - Client lost",04/10/19,Completed,1,S051,18125559
201910001791,"Pending Liquidation Request","Take In Charge","12/10/2019 11:38:53","12/10/2019 11:38:53",UT00852,BACK-OFFICE,,0,0,0,"Account Service Closure","Client Recess","1 - Client lost",04/10/19,Completed,1,S051,13145899
201910001794,"Pending Liquidation Request","Take In Charge","12/10/2019 13:26:49","12/10/2019 13:26:49",UT00852,BACK-OFFICE,,0,0,0,"Account Service Closure","Client Recess","1 - Client lost",04/10/19,Completed,1,S051,15640017
201910001832,"Pending Liquidation Request","Take In Charge","10/10/2019 13:10:32","10/10/2019 13:10:32",UT00844,BACK-OFFICE,,0,0,0,"Account Service Closure","Client Recess","1 - Client lost",28/09/19,Completed,1,S051,5823703
201910001964,"Pending Liquidation Request","Take In Charge","12/10/2019 11:18:43","12/10/2019 11:18:43",UT00844,BACK-OFFICE,,0,0,0,"Account Service Closure","Client Recess","1 - Client lost",27/09/19,Completed,1,S051,18855476
201910001973,"Pending Liquidation Request","Take In Charge","12/10/2019 13:03:30","12/10/2019 13:03:30",UT00844,BACK-OFFICE,,0,0,0,"Account Service Closure","Client Recess","1 - Client lost",05/10/19,Completed,1,S051,17555997
201910002151,"Pending Liquidation Request","Take In Charge","09/10/2019 15:02:13","09/10/2019 15:02:13",UT00844,BACK-OFFICE,,0,0,0,"Account Service Closure","Client Recess","1 - Client lost",05/10/19,Completed,1,S051,5812143
201910002362,"Pending Liquidation Request","Take In Charge","11/10/2019 15:18:43","11/10/2019 15:18:43",UT00844,BACK-OFFICE,,0,0,0,"Account Service Closure","Client Recess","1 - Client lost",08/10/19,Completed,1,S051,4643489
201910002463,"Pending Liquidation Request","Take In Charge","10/10/2019 14:30:24","10/10/2019 14:30:24",UT00844,BACK-OFFICE,,0,0,0,"Account Service Closure","Client Recess","1 - Client lost",08/10/19,Completed,1,S051,4012375
201910002616,"Pending Liquidation Request","Take In Charge","11/10/2019 15:30:42","11/10/2019 15:30:42",UT00844,BACK-OFFICE,,0,0,0,"Account Service Closure","Client Recess","1 - Client lost",08/10/19,Completed,1,S051,6550160
201910002724,"Pending Liquidation Request","Take In Charge","12/10/2019 16:46:48","12/10/2019 16:46:48",UT00844,BACK-OFFICE,,0,0,0,"Account Service Closure","Client Recess","1 - Client lost",08/10/19,Completed,1,S051,15036703
201910002760,"Pending Liquidation Request","Take In Charge","09/10/2019 14:58:16","09/10/2019 14:58:16",UT00844,BACK-OFFICE,,0,0,0,"Account Service Closure","Client Recess","1 - Client lost",08/10/19,Completed,1,S051,6986422
201910002809,"Pending Liquidation Request","Take In Charge","11/10/2019 16:30:38","11/10/2019 16:30:38",UT00845,BACK-OFFICE,,0,0,0,"Account Service Closure","Client Recess","1 - Client lost",08/10/19,Completed,1,S051,5619896
201910002829,"Pending Liquidation Request","Take In Charge","12/10/2019 11:58:51","12/10/2019 11:58:51",UT00845,BACK-OFFICE,,0,0,0,"Account Service Closure","Client Recess","1 - Client lost",08/10/19,Completed,1,S051,13312387
201910002851,"Pending Liquidation Request","Take In Charge","11/10/2019 10:30:49","11/10/2019 10:30:49",UT00845,BACK-OFFICE,,0,0,0,"Account Service Closure","Client Recess","1 - Client lost",08/10/19,Completed,1,S051,4388732
201910002913,"Pending Liquidation Request","Take In Charge","12/10/2019 15:18:51","12/10/2019 15:18:51",UT00845,BACK-OFFICE,,0,0,0,"Account Service Closure","Client Recess","1 - Client lost",08/10/19,Completed,1,S051,16209572
201910003081,"Pending Liquidation Request","Take In Charge","10/10/2019 16:46:31","10/10/2019 16:46:31",UT00845,BACK-OFFICE,,0,0,0,"Account Service Closure","Client Recess","1 - Client lost",09/10/19,Completed,1,S051,7168934
201910003601,"Pending Liquidation Request","Take In Charge","11/10/2019 14:34:35","11/10/2019 14:34:35",UT00845,BACK-OFFICE,,0,0,0,"Account Service Closure","Client Recess","1 - Client lost",10/10/19,Completed,1,S051,4748750
201910003757,"Pending Liquidation Request","Take In Charge","12/10/2019 13:30:57","12/10/2019 13:30:57",UT00845,BACK-OFFICE,,0,0,0,"Account Service Closure","Client Recess","1 - Client lost",10/10/19,Completed,1,S051,10120422
201910004004,"Pending Liquidation Request","Take In Charge","11/10/2019 12:06:34","11/10/2019 12:06:34",UT00845,BACK-OFFICE,,0,0,0,"Account Service Closure","Client Recess","1 - Client lost",11/10/19,Completed,1,S051,8046348
201910004092,"Pending Liquidation Request","Take In Charge","11/10/2019 17:14:40","11/10/2019 17:14:40",UT00845,BACK-OFFICE,,0,0,0,"Account Service Closure","Client Recess","1 - Client lost",11/10/19,Completed,1,S051,5888063
201910004180,"Pending Liquidation Request","Take In Charge","12/10/2019 17:34:52","12/10/2019 17:34:52",UT00845,BACK-OFFICE,,0,0,0,"Account Service Closure","Client Recess","1 - Client lost",11/10/19,Completed,1,S051,12274744
201910004243,"Pending Liquidation Request","Take In Charge","11/10/2019 13:14:34","11/10/2019 13:14:34",UT00842,BACK-OFFICE,,0,0,0,"Account Service Closure","Bank Recess","1 - Client lost",,Completed,6,S051,4512041
20198002523,"Pending Liquidation Request","Pending Resolution 8","12/10/2019 11:46:47","16/10/2019 3:04:01",UT00866,BACK-OFFICE,,13093083,28056607,43955351,"Account Service Closure","Client Recess","1 - Client lost",03/08/19,Completed,1,S051,13094654
20198010446,"Pending Liquidation Request","Pending Resolution 10","12/10/2019 9:18:42","16/10/2019 3:04:31",UT00866,BACK-OFFICE,,16349801,26929083,42317131,"Account Service Closure","Client Recess","1 - Client lost",30/08/19,Completed,1,S051,16357730
20199003258,"Pending Liquidation Request","Pending Resolution 16","10/10/2019 10:06:24","12/10/2019 3:16:29",UT00842,BACK-OFFICE,,4410863,11468244,20731057,"Account Service Closure","Client Recess","7 - Keep other relationships. Same dip",24/08/19,Completed,1,S051,4413170
20199005209,"Pending Liquidation Request","Pending Resolution 20","10/10/2019 9:46:26","12/10/2019 3:19:02",UT00842,BACK-OFFICE,,6676607,12017893,19139607,"Account Service Closure","Client Recess","1 - Client lost",17/09/19,Completed,1,S051,121888512
20199005540,"Pending Liquidation Request","Pending Resolution 6","12/10/2019 11:42:43","16/10/2019 3:05:48",UT00849,BACK-OFFICE,,14980238,23406622,44940714,"Account Service Closure","Client Recess","1 - Client lost",18/09/19,Completed,1,S051,14987506
20199005648,"Pending Liquidation Request","Pending Resolution 16","11/10/2019 15:26:46","13/10/2019 3:12:08",UT00849,BACK-OFFICE,,6129619,8428226,18771958,"Account Service Closure","Client Recess","8 - Keep other relationships. Different dip",25/05/19,Completed,1,S051,6134976
20199005772,"Pending Liquidation Request","Pending Resolution 13","09/10/2019 14:22:12","11/10/2019 3:07:44",UT00835,BACK-OFFICE,,6301524,9846131,17329190,"Account Service Closure","Client Recess","7 - Keep other relationships. Same dip",18/09/19,Completed,1,S051,6415143
20199006003,"Pending Liquidation Request","Pending Resolution 15","10/10/2019 15:26:26","12/10/2019 3:20:22",UT00835,BACK-OFFICE,,3846310,7692619,18077655,"Account Service Closure","Client Recess","1 - Client lost",19/09/19,Completed,1,S051,3852694
20199006290,"Pending Liquidation Request","Pending Resolution 9","10/10/2019 15:30:26","12/10/2019 3:21:08",UT00852,BACK-OFFICE,,4224589,11521607,19202679,"Account Service Closure","Client Recess","1 - Client lost",19/09/19,Completed,1,S051,4234390
20199006569,"Pending Liquidation Request","Pending Resolution 14","11/10/2019 12:10:34","13/10/2019 3:12:46",UT00852,BACK-OFFICE,,7528500,12129250,20076000,"Account Service Closure","Client Recess","1 - Client lost",20/09/19,Completed,1,S051,7531625
20199006952,"Pending Liquidation Request","Pending Resolution 10","15/10/2019 16:06:58","17/10/2019 3:06:26",UT00829,BACK-OFFICE,,5998476,8247905,16120905,"Account Service Closure",Inheritance,,,Completed,6,S051,6011958
20199007226,"Pending Liquidation Request","Pending Resolution 18","10/10/2019 11:22:33","12/10/2019 3:23:41",UT00866,BACK-OFFICE,,5145286,10719345,17579726,"Account Service Closure",Inheritance,,,Completed,6,S051,5166905
20199007862,"Pending Liquidation Request","Pending Resolution 16","10/10/2019 14:14:24","12/10/2019 3:26:12",UT00866,BACK-OFFICE,,7173643,9166321,17137036,"Account Service Closure","Client Recess","1 - Client lost",21/09/19,Completed,1,S051,43886732
20199008462,"Pending Liquidation Request","Pending Resolution 10","12/10/2019 10:54:42","16/10/2019 3:07:19",UT00899,BACK-OFFICE,,17011982,26463083,43475065,"Account Service Closure","Client Recess","1 - Client lost",25/09/19,Completed,1,S051,17032458
20199008569,"Pending Liquidation Request","Pending Resolution 14","11/10/2019 10:02:40","13/10/2019 3:14:50",UT00899,BACK-OFFICE,,5297500,11036458,19424167,"Account Service Closure","Client Recess","1 - Client lost",25/09/19,Completed,1,S051,5383976
20199008586,"Pending Liquidation Request","Pending Resolution 3","10/10/2019 14:58:25","12/10/2019 3:29:59",UT00899,BACK-OFFICE,,6261619,10566482,16436750,"Account Service Closure","Client Recess","1 - Client lost",25/09/19,Completed,1,S051,9705071
20199008612,"Pending Liquidation Request","Pending Resolution 18","10/10/2019 11:02:48","12/10/2019 3:30:07",UT00852,BACK-OFFICE,,6068292,9535887,19071774,"Account Service Closure","Client Recess","1 - Client lost",26/09/19,Completed,1,S051,6072122
20199008816,"Pending Liquidation Request","Pending Resolution 10","12/10/2019 11:58:44","16/10/2019 3:08:00",UT00852,BACK-OFFICE,,10271774,26146333,40153298,"Account Service Closure","Client Recess","1 - Client lost",03/09/19,Completed,1,S051,10421944
20199008884,"Pending Liquidation Request","Pending Resolution 19","11/10/2019 10:42:33","13/10/2019 3:46:58",UT00877,BACK-OFFICE,,8801488,11441935,17602976,"Account Service Closure","Client Recess","1 - Client lost",26/09/19,Completed,1,S051,8811545
20199009651,"Pending Liquidation Request","Pending Resolution 2","12/10/2019 11:46:53","16/10/2019 3:09:15",UT00877,BACK-OFFICE,,16850464,27147970,44934571,"Account Service Closure","Client Recess","1 - Client lost",28/09/19,Completed,1,S051,16854589
20199009910,"Pending Liquidation Request","Pending Resolution 15","10/10/2019 16:14:55","12/10/2019 3:35:40",UT00877,BACK-OFFICE,,3787054,9467634,18556563,"Account Service Closure","Client Recess","1 - Client lost",28/09/19,Completed,1,S051,3791405
20199009943,"Pending Liquidation Request","Pending Resolution 12","10/10/2019 15:50:31","12/10/2019 3:35:59",UT00877,BACK-OFFICE,,4597429,8045500,17623476,"Account Service Closure","Client Recess","1 - Client lost",25/07/19,Completed,1,S051,4600795
20199009969,"Pending Liquidation Request","Pending Resolution 20","18/10/2019 15:39:33","20/10/2019 3:07:26",UT00835,BACK-OFFICE,,7219604,7979563,17859021,"Account Service Closure","Client Recess","1 - Client lost",28/09/19,Completed,1,S051,7229015
20199009975,"Pending Liquidation Request","Pending Resolution 20","09/10/2019 14:26:14","11/10/2019 3:09:00",UT00881,BACK-OFFICE,,3933512,8653726,19274208,"Account Service Closure","Client Recess","1 - Client lost",08/08/19,Completed,1,S051,3937679
201910000226,"Pending Liquidation Request","Pending Resolution 9","10/10/2019 11:14:35","12/10/2019 3:38:11",UT00881,BACK-OFFICE,,8222929,12983571,20773714,"Account Service Closure","Client Recess","1 - Client lost",01/10/19,Completed,1,S051,8233027
201910000390,"Pending Liquidation Request","Pending Resolution 20","12/10/2019 13:50:46","16/10/2019 3:10:44",UT00881,BACK-OFFICE,,16457036,21028435,42971149,"Account Service Closure","Client Recess","1 - Client lost",03/10/19,Completed,1,S051,16461926
201910000420,"Pending Liquidation Request","Pending Resolution 3","12/10/2019 14:10:42","16/10/2019 3:10:59",UT00882,BACK-OFFICE,,13661473,20947592,40073655,"Account Service Closure","Client Recess","1 - Client lost",01/10/19,Completed,1,S051,13664997
201910000423,"Pending Liquidation Request","Pending Resolution 13","09/10/2019 8:26:14","11/10/2019 3:09:24",UT00882,BACK-OFFICE,,5492500,10069583,19681458,"Account Service Closure","Client Recess","1 - Client lost",01/10/19,Completed,1,S051,5497262
201910000430,"Pending Liquidation Request","Pending Resolution 3","10/10/2019 17:10:29","12/10/2019 3:39:41",UT00882,BACK-OFFICE,,5542500,10715500,18105500,"Account Service Closure","Client Recess","1 - Client lost",01/10/19,Completed,1,S051,5558054
201910000437,"Pending Liquidation Request","Pending Resolution 10","10/10/2019 14:42:33","12/10/2019 3:39:49",UT00882,BACK-OFFICE,,5543167,8710690,18213262,"Account Service Closure","Client Recess","1 - Client lost",01/10/19,Completed,1,S051,5556396
201910000440,"Pending Liquidation Request","Pending Resolution 3","12/10/2019 14:34:44","16/10/2019 3:11:08",UT00882,BACK-OFFICE,,9971500,18130000,43512000,"Account Service Closure","Client Recess","1 - Client lost",26/09/19,Completed,1,S051,97475560
201910000441,"Pending Liquidation Request","Pending Resolution 11","10/10/2019 9:18:33","12/10/2019 3:39:56",UT00849,BACK-OFFICE,,5445821,11345461,19060375,"Account Service Closure","Client Recess","1 - Client lost",01/10/19,Completed,1,S051,5454759
201910000678,"Pending Liquidation Request","Pending Resolution 7","12/10/2019 9:58:46","16/10/2019 3:11:51",UT00849,BACK-OFFICE,,12426801,24853601,41104033,"Account Service Closure","Client Recess","1 - Client lost",26/09/19,Completed,1,S051,12441905
201910000737,"Pending Liquidation Request","Pending Resolution 18","11/10/2019 9:50:38","13/10/2019 3:19:53",UT00849,BACK-OFFICE,,8001161,9779196,18224866,"Account Service Closure","Client Recess","1 - Client lost",02/10/19,Completed,1,S051,8008974
201910000770,"Pending Liquidation Request","Pending Resolution 6","10/10/2019 15:50:39","12/10/2019 3:42:59",UT00842,BACK-OFFICE,,4996488,8839940,17679881,"Account Service Closure",Inheritance,,,Completed,6,S051,5032208
201910000864,"Pending Liquidation Request","Pending Resolution 1","11/10/2019 10:54:41","13/10/2019 3:20:05",UT00842,BACK-OFFICE,,4331071,8662143,19489821,"Account Service Closure","Client Recess","1 - Client lost",01/10/19,Completed,1,S051,4337113
201910000925,"Pending Liquidation Request","Pending Resolution 16","04/10/2019 14:25:35","06/10/2019 3:02:59",UT00866,BACK-OFFICE,,4316321,9417429,18442464,"Account Service Closure","Client Recess","1 - Client lost",12/09/19,Completed,1,S051,4320726
201910001008,"Pending Liquidation Request","Pending Resolution 1","10/10/2019 15:34:50","12/10/2019 3:45:04",UT00866,BACK-OFFICE,,7363292,10851167,17826917,"Account Service Closure","Client Recess","1 - Client lost",20/09/19,Completed,1,S051,7467102
201910001021,"Pending Liquidation Request","Pending Resolution 6","12/11/2019 8:10:45","14/11/2019 3:05:52",UT00866,BACK-OFFICE,,8277161,10576372,19313375,"Account Service Closure","Client Recess","1 - Client lost",01/08/19,Completed,1,S051,8354304
201910001352,"Pending Liquidation Request","Pending Resolution 17","10/10/2019 14:38:33","12/10/2019 3:47:39",UT00885,BACK-OFFICE,,4776643,9951339,18708518,"Account Service Closure","Client Recess","1 - Client lost",03/10/19,Completed,1,S051,4784485
201910001360,"Pending Liquidation Request","Pending Resolution 12","10/10/2019 15:02:33","12/10/2019 3:47:43",UT00885,BACK-OFFICE,,7875595,9056935,18507649,"Account Service Closure","Client Recess","1 - Client lost",03/10/19,Completed,1,S051,7879035
201910001409,"Pending Liquidation Request","Pending Resolution 17","11/10/2019 10:30:47","13/10/2019 3:22:06",UT00885,BACK-OFFICE,,5252821,8754702,20573551,"Account Service Closure","Client Recess","1 - Client lost",03/10/19,Completed,1,S051,5257404
201910001423,"Pending Liquidation Request","Pending Resolution 10","05/10/2019 14:37:52","09/10/2019 3:10:12",UT00885,BACK-OFFICE,,12680833,19927024,39854048,"Account Service Closure","Client Recess","1 - Client lost",02/10/19,Completed,1,S051,12686553
201910001429,"Pending Liquidation Request","Pending Resolution 4","12/10/2019 17:06:50","16/10/2019 3:14:26",UT00849,BACK-OFFICE,,14078857,24638000,37836929,"Account Service Closure","Client Recess","1 - Client lost",03/10/19,Completed,1,S051,14097071
201910001444,"Pending Liquidation Request","Pending Resolution 6","16/10/2019 9:10:59","18/10/2019 3:11:32",UT00829,BACK-OFFICE,,4500982,11702554,18003929,"Account Service Closure","Client Recess","1 - Client lost",03/10/19,Completed,1,S051,4508271
201910001462,"Pending Liquidation Request","Pending Resolution 15","11/10/2019 14:42:38","13/10/2019 3:22:26",UT00829,BACK-OFFICE,,6677964,10606179,17284143,"Account Service Closure","Client Recess","1 - Client lost",04/10/19,Completed,1,S051,6680881
201910001484,"Pending Liquidation Request","Pending Resolution 2","10/10/2019 12:14:34","12/10/2019 3:48:29",UT00849,BACK-OFFICE,,8478274,10173929,20347857,"Account Service Closure","Bank Recess","1 - Client lost",,Completed,6,S051,8479691
201910001527,"Pending Liquidation Request","Pending Resolution 16","11/10/2019 11:18:40","13/10/2019 3:22:40",UT00849,BACK-OFFICE,,6010000,12878571,17171429,"Account Service Closure","Client Recess","1 - Client lost",04/10/19,Completed,1,S051,6012321
201910001595,"Pending Liquidation Request","Pending Resolution 20","09/10/2019 11:46:12","11/10/2019 3:10:04",UT00849,BACK-OFFICE,,5065429,10130857,19417476,"Account Service Closure","Client Recess","1 - Client lost",04/10/19,Completed,1,S051,13198018
201910001627,"Pending Liquidation Request","Pending Resolution 14","10/10/2019 16:06:48","12/10/2019 3:50:04",UT00852,BACK-OFFICE,,4592714,11481786,17988131,"Account Service Closure",Inheritance,,,Completed,6,S051,4607571
201910001754,"Pending Liquidation Request","Pending Resolution 16","12/10/2019 14:42:46","16/10/2019 3:15:35",UT00852,BACK-OFFICE,,18117202,18117202,43481286,"Account Service Closure","Client Recess","1 - Client lost",04/10/19,Completed,1,S051,18125559
201910001791,"Pending Liquidation Request","Pending Resolution 6","12/10/2019 11:38:53","16/10/2019 3:15:51",UT00852,BACK-OFFICE,,13142417,24407345,42243482,"Account Service Closure","Client Recess","1 - Client lost",04/10/19,Completed,1,S051,13145899
201910001794,"Pending Liquidation Request","Pending Resolution 7","12/10/2019 13:26:49","16/10/2019 3:15:55",UT00852,BACK-OFFICE,,15631196,22067571,37698768,"Account Service Closure","Client Recess","1 - Client lost",04/10/19,Completed,1,S051,15640017
201910001832,"Pending Liquidation Request","Pending Resolution 2","10/10/2019 13:10:32","12/10/2019 3:52:00",UT00844,BACK-OFFICE,,5803667,9949143,19069190,"Account Service Closure","Client Recess","1 - Client lost",28/09/19,Completed,1,S051,5823703
201910001964,"Pending Liquidation Request","Pending Resolution 14","12/10/2019 11:18:43","16/10/2019 3:16:47",UT00844,BACK-OFFICE,,18850238,19792750,40528012,"Account Service Closure","Client Recess","1 - Client lost",27/09/19,Completed,1,S051,18855476
201910001973,"Pending Liquidation Request","Pending Resolution 2","12/10/2019 13:03:30","16/10/2019 3:16:55",UT00844,BACK-OFFICE,,17552664,18476488,37876801,"Account Service Closure","Client Recess","1 - Client lost",05/10/19,Completed,1,S051,17555997
201910002151,"Pending Liquidation Request","Pending Resolution 14","09/10/2019 15:02:13","11/10/2019 3:10:15",UT00844,BACK-OFFICE,,5807232,8904423,18195994,"Account Service Closure","Client Recess","1 - Client lost",05/10/19,Completed,1,S051,5812143
201910002362,"Pending Liquidation Request","Pending Resolution 15","11/10/2019 15:18:43","13/10/2019 3:24:50",UT00844,BACK-OFFICE,,4641679,11217390,19340327,"Account Service Closure","Client Recess","1 - Client lost",08/10/19,Completed,1,S051,4643489
201910002463,"Pending Liquidation Request","Pending Resolution 7","10/10/2019 14:30:24","12/10/2019 3:55:14",UT00844,BACK-OFFICE,,4008631,8017262,19642292,"Account Service Closure","Client Recess","1 - Client lost",08/10/19,Completed,1,S051,4012375
201910002616,"Pending Liquidation Request","Pending Resolution 13","11/10/2019 15:30:42","13/10/2019 3:25:42",UT00844,BACK-OFFICE,,6541964,9620536,18086607,"Account Service Closure","Client Recess","1 - Client lost",08/10/19,Completed,1,S051,6550160
201910002724,"Pending Liquidation Request","Pending Resolution 3","12/10/2019 16:46:48","16/10/2019 3:18:54",UT00844,BACK-OFFICE,,15033161,24760500,38909357,"Account Service Closure","Client Recess","1 - Client lost",08/10/19,Completed,1,S051,15036703
201910002760,"Pending Liquidation Request","Pending Resolution 18","09/10/2019 14:58:16","11/10/2019 3:10:47",UT00844,BACK-OFFICE,,6983089,8146938,18621571,"Account Service Closure","Client Recess","1 - Client lost",08/10/19,Completed,1,S051,6986422
201910002809,"Pending Liquidation Request","Pending Resolution 13","11/10/2019 16:30:38","13/10/2019 3:26:05",UT00845,BACK-OFFICE,,5612813,8606313,17212625,"Account Service Closure","Client Recess","1 - Client lost",08/10/19,Completed,1,S051,5619896
201910002829,"Pending Liquidation Request","Pending Resolution 17","12/10/2019 11:58:51","16/10/2019 3:19:14",UT00845,BACK-OFFICE,,13100958,23394568,38367092,"Account Service Closure","Client Recess","1 - Client lost",08/10/19,Completed,1,S051,13312387
201910002851,"Pending Liquidation Request","Pending Resolution 12","11/10/2019 10:30:49","13/10/2019 3:26:25",UT00845,BACK-OFFICE,,4385000,12716500,17540000,"Account Service Closure","Client Recess","1 - Client lost",08/10/19,Completed,1,S051,4388732
201910002913,"Pending Liquidation Request","Pending Resolution 1","12/10/2019 15:18:51","16/10/2019 3:19:31",UT00845,BACK-OFFICE,,16202143,18902500,40505357,"Account Service Closure","Client Recess","1 - Client lost",08/10/19,Completed,1,S051,16209572
201910003081,"Pending Liquidation Request","Pending Resolution 3","10/10/2019 16:46:31","12/10/2019 3:58:29",UT00845,BACK-OFFICE,,7165601,9051286,17725435,"Account Service Closure","Client Recess","1 - Client lost",09/10/19,Completed,1,S051,7168934
201910003601,"Pending Liquidation Request","Pending Resolution 5","11/10/2019 14:34:35","13/10/2019 3:28:08",UT00845,BACK-OFFICE,,4743321,7905536,18182732,"Account Service Closure","Client Recess","1 - Client lost",10/10/19,Completed,1,S051,4748750
201910003757,"Pending Liquidation Request","Pending Resolution 11","12/10/2019 13:30:57","16/10/2019 3:21:59",UT00845,BACK-OFFICE,,10118101,21156030,39552577,"Account Service Closure","Client Recess","1 - Client lost",10/10/19,Completed,1,S051,10120422
201910004004,"Pending Liquidation Request","Pending Resolution 7","11/10/2019 12:06:34","13/10/2019 3:29:57",UT00845,BACK-OFFICE,,8018622,11816917,17725375,"Account Service Closure","Client Recess","1 - Client lost",11/10/19,Completed,1,S051,8046348
201910004092,"Pending Liquidation Request","Pending Resolution 2","11/10/2019 17:14:40","13/10/2019 3:30:34",UT00845,BACK-OFFICE,,5874000,8076750,15052125,"Account Service Closure","Client Recess","1 - Client lost",11/10/19,Completed,1,S051,5888063
201910004180,"Pending Liquidation Request","Pending Resolution 4","12/10/2019 17:34:52","16/10/2019 3:23:39",UT00845,BACK-OFFICE,,12271958,22790780,35062738,"Account Service Closure","Client Recess","1 - Client lost",11/10/19,Completed,1,S051,12274744
201910004243,"Pending Liquidation Request","Pending Resolution 3","11/10/2019 13:14:34","13/10/2019 3:30:56",UT00842,BACK-OFFICE,,4510720,11481833,16402619,"Account Service Closure","Bank Recess","1 - Client lost",,Completed,6,S051,4512041
20198002523,"Pending Liquidation Request","Resolution Completed","16/10/2019 3:04:01","16/10/2019 3:04:01",UT00866,BACK-OFFICE,,0,0,0,"Account Service Closure","Client Recess","1 - Client lost",03/08/19,Completed,1,S051,13094654
20198010446,"Pending Liquidation Request","Resolution Completed","16/10/2019 3:04:31","16/10/2019 3:04:31",UT00866,BACK-OFFICE,,0,0,0,"Account Service Closure","Client Recess","1 - Client lost",30/08/19,Completed,1,S051,16357730
20199003258,"Pending Liquidation Request","Resolution Completed","12/10/2019 3:16:29","12/10/2019 3:16:29",UT00842,BACK-OFFICE,,0,0,0,"Account Service Closure","Client Recess","7 - Keep other relationships. Same dip",24/08/19,Completed,1,S051,4413170
20199005209,"Pending Liquidation Request","Resolution Completed","12/10/2019 3:19:02","12/10/2019 3:19:02",UT00842,BACK-OFFICE,,0,0,0,"Account Service Closure","Client Recess","1 - Client lost",17/09/19,Completed,1,S051,121888512
20199005540,"Pending Liquidation Request","Resolution Completed","16/10/2019 3:05:48","16/10/2019 3:05:48",UT00849,BACK-OFFICE,,0,0,0,"Account Service Closure","Client Recess","1 - Client lost",18/09/19,Completed,1,S051,14987506
20199005648,"Pending Liquidation Request","Resolution Completed","13/10/2019 3:12:08","13/10/2019 3:12:08",UT00849,BACK-OFFICE,,0,0,0,"Account Service Closure","Client Recess","8 - Keep other relationships. Different dip",25/05/19,Completed,1,S051,6134976
20199005772,"Pending Liquidation Request","Resolution Completed","11/10/2019 3:07:44","11/10/2019 3:07:44",UT00835,BACK-OFFICE,,0,0,0,"Account Service Closure","Client Recess","7 - Keep other relationships. Same dip",18/09/19,Completed,1,S051,6415143
20199006003,"Pending Liquidation Request","Resolution Completed","12/10/2019 3:20:22","12/10/2019 3:20:22",UT00835,BACK-OFFICE,,0,0,0,"Account Service Closure","Client Recess","1 - Client lost",19/09/19,Completed,1,S051,3852694
20199006290,"Pending Liquidation Request","Resolution Completed","12/10/2019 3:21:08","12/10/2019 3:21:08",UT00852,BACK-OFFICE,,0,0,0,"Account Service Closure","Client Recess","1 - Client lost",19/09/19,Completed,1,S051,4234390
20199006569,"Pending Liquidation Request","Resolution Completed","13/10/2019 3:12:46","13/10/2019 3:12:46",UT00852,BACK-OFFICE,,0,0,0,"Account Service Closure","Client Recess","1 - Client lost",20/09/19,Completed,1,S051,7531625
20199006952,"Pending Liquidation Request","Resolution Completed","17/10/2019 3:06:26","17/10/2019 3:06:26",UT00829,BACK-OFFICE,,0,0,0,"Account Service Closure",Inheritance,,,Completed,6,S051,6011958
20199007226,"Pending Liquidation Request","Resolution Completed","12/10/2019 3:23:41","12/10/2019 3:23:41",UT00866,BACK-OFFICE,,0,0,0,"Account Service Closure",Inheritance,,,Completed,6,S051,5166905
20199007862,"Pending Liquidation Request","Resolution Completed","12/10/2019 3:26:12","12/10/2019 3:26:12",UT00866,BACK-OFFICE,,0,0,0,"Account Service Closure","Client Recess","1 - Client lost",21/09/19,Completed,1,S051,43886732
20199008462,"Pending Liquidation Request","Resolution Completed","16/10/2019 3:07:19","16/10/2019 3:07:19",UT00899,BACK-OFFICE,,0,0,0,"Account Service Closure","Client Recess","1 - Client lost",25/09/19,Completed,1,S051,17032458
20199008569,"Pending Liquidation Request","Resolution Completed","13/10/2019 3:14:50","13/10/2019 3:14:50",UT00899,BACK-OFFICE,,0,0,0,"Account Service Closure","Client Recess","1 - Client lost",25/09/19,Completed,1,S051,5383976
20199008586,"Pending Liquidation Request","Resolution Completed","12/10/2019 3:29:59","12/10/2019 3:29:59",UT00899,BACK-OFFICE,,0,0,0,"Account Service Closure","Client Recess","1 - Client lost",25/09/19,Completed,1,S051,9705071
20199008612,"Pending Liquidation Request","Resolution Completed","12/10/2019 3:30:07","12/10/2019 3:30:07",UT00852,BACK-OFFICE,,0,0,0,"Account Service Closure","Client Recess","1 - Client lost",26/09/19,Completed,1,S051,6072122
20199008816,"Pending Liquidation Request","Resolution Completed","16/10/2019 3:08:00","16/10/2019 3:08:00",UT00852,BACK-OFFICE,,0,0,0,"Account Service Closure","Client Recess","1 - Client lost",03/09/19,Completed,1,S051,10421944
20199008884,"Pending Liquidation Request","Resolution Completed","13/10/2019 3:46:58","13/10/2019 3:46:58",UT00877,BACK-OFFICE,,0,0,0,"Account Service Closure","Client Recess","1 - Client lost",26/09/19,Completed,1,S051,8811545
20199009651,"Pending Liquidation Request","Resolution Completed","16/10/2019 3:09:15","16/10/2019 3:09:15",UT00877,BACK-OFFICE,,0,0,0,"Account Service Closure","Client Recess","1 - Client lost",28/09/19,Completed,1,S051,16854589
20199009910,"Pending Liquidation Request","Resolution Completed","12/10/2019 3:35:40","12/10/2019 3:35:40",UT00877,BACK-OFFICE,,0,0,0,"Account Service Closure","Client Recess","1 - Client lost",28/09/19,Completed,1,S051,3791405
20199009943,"Pending Liquidation Request","Resolution Completed","12/10/2019 3:35:59","12/10/2019 3:35:59",UT00877,BACK-OFFICE,,0,0,0,"Account Service Closure","Client Recess","1 - Client lost",25/07/19,Completed,1,S051,4600795
20199009969,"Pending Liquidation Request","Resolution Completed","20/10/2019 3:07:26","20/10/2019 3:07:26",UT00835,BACK-OFFICE,,0,0,0,"Account Service Closure","Client Recess","1 - Client lost",28/09/19,Completed,1,S051,7229015
20199009975,"Pending Liquidation Request","Resolution Completed","11/10/2019 3:09:00","11/10/2019 3:09:00",UT00881,BACK-OFFICE,,0,0,0,"Account Service Closure","Client Recess","1 - Client lost",08/08/19,Completed,1,S051,3937679
201910000226,"Pending Liquidation Request","Resolution Completed","12/10/2019 3:38:11","12/10/2019 3:38:11",UT00881,BACK-OFFICE,,0,0,0,"Account Service Closure","Client Recess","1 - Client lost",01/10/19,Completed,1,S051,8233027
201910000390,"Pending Liquidation Request","Resolution Completed","16/10/2019 3:10:44","16/10/2019 3:10:44",UT00881,BACK-OFFICE,,0,0,0,"Account Service Closure","Client Recess","1 - Client lost",03/10/19,Completed,1,S051,16461926
201910000420,"Pending Liquidation Request","Resolution Completed","16/10/2019 3:10:59","16/10/2019 3:10:59",UT00882,BACK-OFFICE,,0,0,0,"Account Service Closure","Client Recess","1 - Client lost",01/10/19,Completed,1,S051,13664997
201910000423,"Pending Liquidation Request","Resolution Completed","11/10/2019 3:09:24","11/10/2019 3:09:24",UT00882,BACK-OFFICE,,0,0,0,"Account Service Closure","Client Recess","1 - Client lost",01/10/19,Completed,1,S051,5497262
201910000430,"Pending Liquidation Request","Resolution Completed","12/10/2019 3:39:41","12/10/2019 3:39:41",UT00882,BACK-OFFICE,,0,0,0,"Account Service Closure","Client Recess","1 - Client lost",01/10/19,Completed,1,S051,5558054
201910000437,"Pending Liquidation Request","Resolution Completed","12/10/2019 3:39:49","12/10/2019 3:39:49",UT00882,BACK-OFFICE,,0,0,0,"Account Service Closure","Client Recess","1 - Client lost",01/10/19,Completed,1,S051,5556396
201910000440,"Pending Liquidation Request","Resolution Completed","16/10/2019 3:11:08","16/10/2019 3:11:08",UT00882,BACK-OFFICE,,0,0,0,"Account Service Closure","Client Recess","1 - Client lost",26/09/19,Completed,1,S051,97475560
201910000441,"Pending Liquidation Request","Resolution Completed","12/10/2019 3:39:56","12/10/2019 3:39:56",UT00849,BACK-OFFICE,,0,0,0,"Account Service Closure","Client Recess","1 - Client lost",01/10/19,Completed,1,S051,5454759
201910000678,"Pending Liquidation Request","Resolution Completed","16/10/2019 3:11:51","16/10/2019 3:11:51",UT00849,BACK-OFFICE,,0,0,0,"Account Service Closure","Client Recess","1 - Client lost",26/09/19,Completed,1,S051,12441905
201910000737,"Pending Liquidation Request","Resolution Completed","13/10/2019 3:19:53","13/10/2019 3:19:53",UT00849,BACK-OFFICE,,0,0,0,"Account Service Closure","Client Recess","1 - Client lost",02/10/19,Completed,1,S051,8008974
201910000770,"Pending Liquidation Request","Resolution Completed","12/10/2019 3:42:59","12/10/2019 3:42:59",UT00842,BACK-OFFICE,,0,0,0,"Account Service Closure",Inheritance,,,Completed,6,S051,5032208
201910000864,"Pending Liquidation Request","Resolution Completed","13/10/2019 3:20:05","13/10/2019 3:20:05",UT00842,BACK-OFFICE,,0,0,0,"Account Service Closure","Client Recess","1 - Client lost",01/10/19,Completed,1,S051,4337113
201910000925,"Pending Liquidation Request","Resolution Completed","06/10/2019 3:02:59","06/10/2019 3:02:59",UT00866,BACK-OFFICE,,0,0,0,"Account Service Closure","Client Recess","1 - Client lost",12/09/19,Completed,1,S051,4320726
201910001008,"Pending Liquidation Request","Resolution Completed","12/10/2019 3:45:04","12/10/2019 3:45:04",UT00866,BACK-OFFICE,,0,0,0,"Account Service Closure","Client Recess","1 - Client lost",20/09/19,Completed,1,S051,7467102
201910001021,"Pending Liquidation Request","Resolution Completed","14/11/2019 3:05:52","14/11/2019 3:05:52",UT00866,BACK-OFFICE,,0,0,0,"Account Service Closure","Client Recess","1 - Client lost",01/08/19,Completed,1,S051,8354304
201910001352,"Pending Liquidation Request","Resolution Completed","12/10/2019 3:47:39","12/10/2019 3:47:39",UT00885,BACK-OFFICE,,0,0,0,"Account Service Closure","Client Recess","1 - Client lost",03/10/19,Completed,1,S051,4784485
201910001360,"Pending Liquidation Request","Resolution Completed","12/10/2019 3:47:43","12/10/2019 3:47:43",UT00885,BACK-OFFICE,,0,0,0,"Account Service Closure","Client Recess","1 - Client lost",03/10/19,Completed,1,S051,7879035
201910001409,"Pending Liquidation Request","Resolution Completed","13/10/2019 3:22:06","13/10/2019 3:22:06",UT00885,BACK-OFFICE,,0,0,0,"Account Service Closure","Client Recess","1 - Client lost",03/10/19,Completed,1,S051,5257404
201910001423,"Pending Liquidation Request","Resolution Completed","09/10/2019 3:10:12","09/10/2019 3:10:12",UT00885,BACK-OFFICE,,0,0,0,"Account Service Closure","Client Recess","1 - Client lost",02/10/19,Completed,1,S051,12686553
201910001429,"Pending Liquidation Request","Resolution Completed","16/10/2019 3:14:26","16/10/2019 3:14:26",UT00849,BACK-OFFICE,,0,0,0,"Account Service Closure","Client Recess","1 - Client lost",03/10/19,Completed,1,S051,14097071
201910001444,"Pending Liquidation Request","Resolution Completed","18/10/2019 3:11:32","18/10/2019 3:11:32",UT00829,BACK-OFFICE,,0,0,0,"Account Service Closure","Client Recess","1 - Client lost",03/10/19,Completed,1,S051,4508271
201910001462,"Pending Liquidation Request","Resolution Completed","13/10/2019 3:22:26","13/10/2019 3:22:26",UT00829,BACK-OFFICE,,0,0,0,"Account Service Closure","Client Recess","1 - Client lost",04/10/19,Completed,1,S051,6680881
201910001484,"Pending Liquidation Request","Resolution Completed","12/10/2019 3:48:29","12/10/2019 3:48:29",UT00849,BACK-OFFICE,,0,0,0,"Account Service Closure","Bank Recess","1 - Client lost",,Completed,6,S051,8479691
201910001527,"Pending Liquidation Request","Resolution Completed","13/10/2019 3:22:40","13/10/2019 3:22:40",UT00849,BACK-OFFICE,,0,0,0,"Account Service Closure","Client Recess","1 - Client lost",04/10/19,Completed,1,S051,6012321
201910001595,"Pending Liquidation Request","Resolution Completed","11/10/2019 3:10:04","11/10/2019 3:10:04",UT00849,BACK-OFFICE,,0,0,0,"Account Service Closure","Client Recess","1 - Client lost",04/10/19,Completed,1,S051,13198018
201910001627,"Pending Liquidation Request","Resolution Completed","12/10/2019 3:50:04","12/10/2019 3:50:04",UT00852,BACK-OFFICE,,0,0,0,"Account Service Closure",Inheritance,,,Completed,6,S051,4607571
201910001754,"Pending Liquidation Request","Resolution Completed","16/10/2019 3:15:35","16/10/2019 3:15:35",UT00852,BACK-OFFICE,,0,0,0,"Account Service Closure","Client Recess","1 - Client lost",04/10/19,Completed,1,S051,18125559
201910001791,"Pending Liquidation Request","Resolution Completed","16/10/2019 3:15:51","16/10/2019 3:15:51",UT00852,BACK-OFFICE,,0,0,0,"Account Service Closure","Client Recess","1 - Client lost",04/10/19,Completed,1,S051,13145899
201910001794,"Pending Liquidation Request","Resolution Completed","16/10/2019 3:15:55","16/10/2019 3:15:55",UT00852,BACK-OFFICE,,0,0,0,"Account Service Closure","Client Recess","1 - Client lost",04/10/19,Completed,1,S051,15640017
201910001832,"Pending Liquidation Request","Resolution Completed","12/10/2019 3:52:00","12/10/2019 3:52:00",UT00844,BACK-OFFICE,,0,0,0,"Account Service Closure","Client Recess","1 - Client lost",28/09/19,Completed,1,S051,5823703
201910001964,"Pending Liquidation Request","Resolution Completed","16/10/2019 3:16:47","16/10/2019 3:16:47",UT00844,BACK-OFFICE,,0,0,0,"Account Service Closure","Client Recess","1 - Client lost",27/09/19,Completed,1,S051,18855476
201910001973,"Pending Liquidation Request","Resolution Completed","16/10/2019 3:16:55","16/10/2019 3:16:55",UT00844,BACK-OFFICE,,0,0,0,"Account Service Closure","Client Recess","1 - Client lost",05/10/19,Completed,1,S051,17555997
201910002151,"Pending Liquidation Request","Resolution Completed","11/10/2019 3:10:15","11/10/2019 3:10:15",UT00844,BACK-OFFICE,,0,0,0,"Account Service Closure","Client Recess","1 - Client lost",05/10/19,Completed,1,S051,5812143
201910002362,"Pending Liquidation Request","Resolution Completed","13/10/2019 3:24:50","13/10/2019 3:24:50",UT00844,BACK-OFFICE,,0,0,0,"Account Service Closure","Client Recess","1 - Client lost",08/10/19,Completed,1,S051,4643489
201910002463,"Pending Liquidation Request","Resolution Completed","12/10/2019 3:55:14","12/10/2019 3:55:14",UT00844,BACK-OFFICE,,0,0,0,"Account Service Closure","Client Recess","1 - Client lost",08/10/19,Completed,1,S051,4012375
201910002616,"Pending Liquidation Request","Resolution Completed","13/10/2019 3:25:42","13/10/2019 3:25:42",UT00844,BACK-OFFICE,,0,0,0,"Account Service Closure","Client Recess","1 - Client lost",08/10/19,Completed,1,S051,6550160
201910002724,"Pending Liquidation Request","Resolution Completed","16/10/2019 3:18:54","16/10/2019 3:18:54",UT00844,BACK-OFFICE,,0,0,0,"Account Service Closure","Client Recess","1 - Client lost",08/10/19,Completed,1,S051,15036703
201910002760,"Pending Liquidation Request","Resolution Completed","11/10/2019 3:10:47","11/10/2019 3:10:47",UT00844,BACK-OFFICE,,0,0,0,"Account Service Closure","Client Recess","1 - Client lost",08/10/19,Completed,1,S051,6986422
201910002809,"Pending Liquidation Request","Resolution Completed","13/10/2019 3:26:05","13/10/2019 3:26:05",UT00845,BACK-OFFICE,,0,0,0,"Account Service Closure","Client Recess","1 - Client lost",08/10/19,Completed,1,S051,5619896
201910002829,"Pending Liquidation Request","Resolution Completed","16/10/2019 3:19:14","16/10/2019 3:19:14",UT00845,BACK-OFFICE,,0,0,0,"Account Service Closure","Client Recess","1 - Client lost",08/10/19,Completed,1,S051,13312387
201910002851,"Pending Liquidation Request","Resolution Completed","13/10/2019 3:26:25","13/10/2019 3:26:25",UT00845,BACK-OFFICE,,0,0,0,"Account Service Closure","Client Recess","1 - Client lost",08/10/19,Completed,1,S051,4388732
201910002913,"Pending Liquidation Request","Resolution Completed","16/10/2019 3:19:31","16/10/2019 3:19:31",UT00845,BACK-OFFICE,,0,0,0,"Account Service Closure","Client Recess","1 - Client lost",08/10/19,Completed,1,S051,16209572
201910003081,"Pending Liquidation Request","Resolution Completed","12/10/2019 3:58:29","12/10/2019 3:58:29",UT00845,BACK-OFFICE,,0,0,0,"Account Service Closure","Client Recess","1 - Client lost",09/10/19,Completed,1,S051,7168934
201910003601,"Pending Liquidation Request","Resolution Completed","13/10/2019 3:28:08","13/10/2019 3:28:08",UT00845,BACK-OFFICE,,0,0,0,"Account Service Closure","Client Recess","1 - Client lost",10/10/19,Completed,1,S051,4748750
201910003757,"Pending Liquidation Request","Resolution Completed","16/10/2019 3:21:59","16/10/2019 3:21:59",UT00845,BACK-OFFICE,,0,0,0,"Account Service Closure","Client Recess","1 - Client lost",10/10/19,Completed,1,S051,10120422
201910004004,"Pending Liquidation Request","Resolution Completed","13/10/2019 3:29:57","13/10/2019 3:29:57",UT00845,BACK-OFFICE,,0,0,0,"Account Service Closure","Client Recess","1 - Client lost",11/10/19,Completed,1,S051,8046348
201910004092,"Pending Liquidation Request","Resolution Completed","13/10/2019 3:30:34","13/10/2019 3:30:34",UT00845,BACK-OFFICE,,0,0,0,"Account Service Closure","Client Recess","1 - Client lost",11/10/19,Completed,1,S051,5888063
201910004180,"Pending Liquidation Request","Resolution Completed","16/10/2019 3:23:39","16/10/2019 3:23:39",UT00845,BACK-OFFICE,,0,0,0,"Account Service Closure","Client Recess","1 - Client lost",11/10/19,Completed,1,S051,12274744
201910004243,"Pending Liquidation Request","Resolution Completed","13/10/2019 3:30:56","13/10/2019 3:30:56",UT00842,BACK-OFFICE,,0,0,0,"Account Service Closure","Bank Recess","1 - Client lost",,Completed,6,S051,4512041
